Unnamed: 0,College/University Name,Type (Engineering / Medical / Arts),Type of Institute,State,City,Address,Approval Year
0,,Applied Arts and Crafts,,Arunachal Pradesh,,,2014-2015
1,,Applied Arts and Crafts,,Arunachal Pradesh,,,2014-2015
2,,Applied Arts and Crafts,,Assam,,,2014-2015
3,,Applied Arts and Crafts,,Assam,,,2014-2015
4,,Applied Arts and Crafts,,Bihar,,,2014-2015
5,,Applied Arts and Crafts,,Bihar,,,2014-2015
6,GOVERNMENT COLLEGE OF ART,Applied Arts and Crafts,Government,Chandigarh,CHANDIGARH,SECTOR 10C,2014-2015
7,GOVERNMENT COLLEGE OF ART,Applied Arts and Crafts,Government,Chandigarh,CHANDIGARH,SECTOR 10C,2014-2015
8,,Applied Arts and Crafts,,Chhattisgarh,,,2014-2015
9,,Applied Arts and Crafts,,Chhattisgarh,,,2014-2015
10,,Applied Arts and Crafts,,Dadra and Nagar Haveli,,,2014-2015
11,,Applied Arts and Crafts,,Dadra and Nagar Haveli,,,2014-2015
12,,Applied Arts and Crafts,,Daman and Diu,,,2014-2015
13,,Applied Arts and Crafts,,Daman and Diu,,,2014-2015
14,COLLEGE OF ART,Applied Arts and Crafts,Government,Delhi,EAST DELHI,20-22 TILAK MARG,2014-2015
15,,Applied Arts and Crafts,,Delhi,,,2014-2015
16,GOA COLLEGE OF ART,Applied Arts and Crafts,Government,Goa,NORTH GOA,"ALTINHO, PANAJI - GOA 403 001",2014-2015
17,,Applied Arts and Crafts,,Goa,,,2014-2015
18,,Applied Arts and Crafts,,Gujarat,,,2014-2015
19,,Applied Arts and Crafts,,Gujarat,,,2014-2015
20,GALAXY GLOBAL EDUCATIONAL TRUST'S GROUP OF INSTITUTIONS,Applied Arts and Crafts,Unaided - Private,Haryana,AMBALA,"SHAHABAD-SAHA ROAD, NH-73, VILL. DINARPUR, DISTT. AMBALA",2014-2015
21,,Applied Arts and Crafts,,Haryana,,,2014-2015
22,,Applied Arts and Crafts,,Himachal Pradesh,,,2014-2015
23,,Applied Arts and Crafts,,Himachal Pradesh,,,2014-2015
24,,Applied Arts and Crafts,,Jammu and Kashmir,,,2014-2015
25,,Applied Arts and Crafts,,Jammu and Kashmir,,,2014-2015
26,,Applied Arts and Crafts,,Jharkhand,,,2014-2015
27,,Applied Arts and Crafts,,Jharkhand,,,2014-2015
28,,Applied Arts and Crafts,,Karnataka,,,2014-2015
29,,Applied Arts and Crafts,,Karnataka,,,2014-2015
30,,Applied Arts and Crafts,,Kerala,,,2014-2015
31,,Applied Arts and Crafts,,Kerala,,,2014-2015
32,,Applied Arts and Crafts,,Madhya Pradesh,,,2014-2015
33,,Applied Arts and Crafts,,Madhya Pradesh,,,2014-2015
34,RACHANA SANSAD COLLEGE OF APPLIED ART & CRAFT,Applied Arts and Crafts,Unaided - Private,Maharashtra,MUMBAI CITY,"5TH FLOOR, 278, SHANKAR GHANEKAR MARG, PRABHADEVI, MUMBAI-400025 STATE-MAHARASHTRA (INDIA)",2014-2015
35,PAD.DR.D.Y.PATIL COLLEGE OF APPLIED ARTS & CRAFTS,Applied Arts and Crafts,Unaided - Private,Maharashtra,PUNE,"SECTOR NO. 29, NIGDI-PRADHIKRAN, AKURDI, PUNE -44",2014-2015
36,SIR J. J. INSTITUTE OF APPLIED ART,Applied Arts and Crafts,Government,Maharashtra,MUMBAI CITY,"DR. D. N. ROAD, FORT",2014-2015
37,BHARATI KALA MAHAVIDYALAYA,Applied Arts and Crafts,Unaided - Private,Maharashtra,PUNE,"BHARATI VIDYAPEETH EDUCATIONAL CAMPUS, PUNE-SATARA ROAD, PUNE 411043",2014-2015
38,"B. S. BANDEKAR COLLEGE OF FINE ART,( APPLIED ART).",Applied Arts and Crafts,Unaided - Private,Maharashtra,SINDHUDURG,"SURVE NO.54/01, NEAR FOREST BHAVAN,SALAIWADA,AT/PO.SAWANTWADI,DIST:-SINDHUDURGA.416510",2014-2015
39,VIVA INSTITUTE OF APPLIED ART,Applied Arts and Crafts,Unaided - Private,Maharashtra,THANE,"AT:-SHIRGAON, POST:- VIRAR (E)",2014-2015
40,,Applied Arts and Crafts,,Maharashtra,,,2014-2015
41,,Applied Arts and Crafts,,Manipur,,,2014-2015
42,,Applied Arts and Crafts,,Manipur,,,2014-2015
43,,Applied Arts and Crafts,,Meghalaya,,,2014-2015
44,,Applied Arts and Crafts,,Meghalaya,,,2014-2015
45,,Applied Arts and Crafts,,Mizoram,,,2014-2015
46,,Applied Arts and Crafts,,Mizoram,,,2014-2015
47,,Applied Arts and Crafts,,Nagaland,,,2014-2015
48,,Applied Arts and Crafts,,Nagaland,,,2014-2015
49,,Applied Arts and Crafts,,Odisha,,,2014-2015
50,,Applied Arts and Crafts,,Odisha,,,2014-2015
51,,Applied Arts and Crafts,,Orissa,,,2014-2015
52,,Applied Arts and Crafts,,Orissa,,,2014-2015
53,BHARATHIAR PALKALAI KOODAM,Applied Arts and Crafts,Government,Puducherry,PUDUCHERRY,"CUDDALORE MAIN ROAD, ARIYANKUPPAM",2014-2015
54,,Applied Arts and Crafts,,Puducherry,,,2014-2015
55,,Applied Arts and Crafts,,Punjab,,,2014-2015
56,,Applied Arts and Crafts,,Punjab,,,2014-2015
57,,Applied Arts and Crafts,,Rajasthan,,,2014-2015
58,,Applied Arts and Crafts,,Rajasthan,,,2014-2015
59,,Applied Arts and Crafts,,Sikkim,,,2014-2015
60,,Applied Arts and Crafts,,Sikkim,,,2014-2015
61,,Applied Arts and Crafts,,Tamil Nadu,,,2014-2015
62,,Applied Arts and Crafts,,Tamil Nadu,,,2014-2015
63,SRI VENKATESHWARA COLLEGE OF FINE ARTS,Applied Arts and Crafts,Unaided - Private,Telangana,RANGAREDDI,"86, HITECH CITY ROAD, MADHAPUR, HYDERABAD",2014-2015
64,,Applied Arts and Crafts,,Telangana,,,2014-2015
65,,Applied Arts and Crafts,,Tripura,,,2014-2015
66,,Applied Arts and Crafts,,Tripura,,,2014-2015
67,FMG (ACADEMY) GROUP OF INSTITUTIONS,Applied Arts and Crafts,Unaided - Private,Uttar Pradesh,G B NAGAR,PLOT NO-8 KNOWLEDGE PARK 3,2014-2015
68,AXIS INSTITUTE OF FASHION TECHNOLOGY,Applied Arts and Crafts,Unaided - Private,Uttar Pradesh,KANPUR NAGAR,VILL-HATHIPUR TEHSIL KANPUR SADAR,2014-2015
69,VIDYA INSTITUTE OF FASHION TECHNOLOGY,Applied Arts and Crafts,Unaided - Private,Uttar Pradesh,MEERUT,"VIDYA KNOWLEDGE PARK BAGHPAT ROAD MEERUT ,UTTAR PRADESH-250005",2014-2015
70,RAMRATI INSTITUTE OF TECHNOLOGY,Applied Arts and Crafts,Unaided - Private,Uttar Pradesh,SAHARANPUR,DELHI ROAD,2014-2015
71,,Applied Arts and Crafts,,Uttarakhand,,,2014-2015
72,,Applied Arts and Crafts,,Uttarakhand,,,2014-2015
73,,Applied Arts and Crafts,,West Bengal,,,2014-2015
74,,Applied Arts and Crafts,,West Bengal,,,2014-2015
75,Type,Program,City,State,State,Affiliated University,Year
76,,Applied Arts and Crafts,,Andaman and Nicobar Islands,,,2015-2016
77,,Applied Arts and Crafts,,Andaman and Nicobar Islands,,,2015-2016
78,,Applied Arts and Crafts,,Andhra Pradesh,,,2015-2016
79,,Applied Arts and Crafts,,Andhra Pradesh,,,2015-2016
80,,Applied Arts and Crafts,,Arunachal Pradesh,,,2015-2016
81,,Applied Arts and Crafts,,Arunachal Pradesh,,,2015-2016
82,,Applied Arts and Crafts,,Assam,,,2015-2016
83,,Applied Arts and Crafts,,Assam,,,2015-2016
84,,Applied Arts and Crafts,,Bihar,,,2015-2016
85,,Applied Arts and Crafts,,Bihar,,,2015-2016
86,GOVERNMENT COLLEGE OF ART,Applied Arts and Crafts,Government,Chandigarh,CHANDIGARH,SECTOR 10C,2015-2016
87,GOVERNMENT COLLEGE OF ART,Applied Arts and Crafts,Government,Chandigarh,CHANDIGARH,SECTOR 10C,2015-2016
88,,Applied Arts and Crafts,,Chhattisgarh,,,2015-2016
89,,Applied Arts and Crafts,,Chhattisgarh,,,2015-2016
90,,Applied Arts and Crafts,,Dadra and Nagar Haveli,,,2015-2016
91,,Applied Arts and Crafts,,Dadra and Nagar Haveli,,,2015-2016
92,,Applied Arts and Crafts,,Daman and Diu,,,2015-2016
93,,Applied Arts and Crafts,,Daman and Diu,,,2015-2016
94,COLLEGE OF ART,Applied Arts and Crafts,Government,Delhi,EAST DELHI,20-22 TILAK MARG,2015-2016
95,,Applied Arts and Crafts,,Delhi,,,2015-2016
96,GOA COLLEGE OF ART,Applied Arts and Crafts,Government,Goa,NORTH GOA,"ALTINHO, PANAJI - GOA 403 001",2015-2016
97,,Applied Arts and Crafts,,Goa,,,2015-2016
98,,Applied Arts and Crafts,,Gujarat,,,2015-2016
99,,Applied Arts and Crafts,,Gujarat,,,2015-2016
100,GALAXY GLOBAL EDUCATIONAL TRUST'S GROUP OF INSTITUTIONS,Applied Arts and Crafts,Unaided - Private,Haryana,AMBALA,"SHAHABAD-SAHA ROAD, NH-73, VILL. DINARPUR, DISTT. AMBALA",2015-2016
101,,Applied Arts and Crafts,,Haryana,,,2015-2016
102,,Applied Arts and Crafts,,Himachal Pradesh,,,2015-2016
103,,Applied Arts and Crafts,,Himachal Pradesh,,,2015-2016
104,,Applied Arts and Crafts,,Jammu and Kashmir,,,2015-2016
105,,Applied Arts and Crafts,,Jammu and Kashmir,,,2015-2016
106,,Applied Arts and Crafts,,Jharkhand,,,2015-2016
107,,Applied Arts and Crafts,,Jharkhand,,,2015-2016
108,,Applied Arts and Crafts,,Karnataka,,,2015-2016
109,,Applied Arts and Crafts,,Karnataka,,,2015-2016
110,,Applied Arts and Crafts,,Kerala,,,2015-2016
111,,Applied Arts and Crafts,,Kerala,,,2015-2016
112,,Applied Arts and Crafts,,Madhya Pradesh,,,2015-2016
113,,Applied Arts and Crafts,,Madhya Pradesh,,,2015-2016
114,RACHANA SANSAD COLLEGE OF APPLIED ART & CRAFT,Applied Arts and Crafts,Unaided - Private,Maharashtra,MUMBAI CITY,"5TH FLOOR, 278, SHANKAR GHANEKAR MARG, PRABHADEVI, MUMBAI-400025 STATE-MAHARASHTRA (INDIA)",2015-2016
115,VIVA INSTITUTE OF APPLIED ART,Applied Arts and Crafts,Unaided - Private,Maharashtra,THANE,"AT:-SHIRGAON, POST:- VIRAR (E)",2015-2016
116,PAD.DR.D.Y.PATIL COLLEGE OF APPLIED ARTS & CRAFTS,Applied Arts and Crafts,Unaided - Private,Maharashtra,PUNE,"SECTOR NO. 29, NIGDI-PRADHIKRAN, AKURDI, PUNE -44",2015-2016
117,BHARATI KALA MAHAVIDYALAYA,Applied Arts and Crafts,Unaided - Private,Maharashtra,PUNE,"BHARATI VIDYAPEETH EDUCATIONAL CAMPUS, PUNE-SATARA ROAD, PUNE 411043",2015-2016
118,SIR J. J. INSTITUTE OF APPLIED ART,Applied Arts and Crafts,Government,Maharashtra,MUMBAI CITY,"DR. D. N. ROAD, FORT",2015-2016
119,"B. S. BANDEKAR COLLEGE OF FINE ART,( APPLIED ART).",Applied Arts and Crafts,Unaided - Private,Maharashtra,SINDHUDURG,"SURVE NO.54/01, NEAR FOREST BHAVAN,SALAIWADA,AT/PO.SAWANTWADI,DIST:-SINDHUDURGA.416510",2015-2016
120,,Applied Arts and Crafts,,Maharashtra,,,2015-2016
121,,Applied Arts and Crafts,,Manipur,,,2015-2016
122,,Applied Arts and Crafts,,Manipur,,,2015-2016
123,,Applied Arts and Crafts,,Meghalaya,,,2015-2016
124,,Applied Arts and Crafts,,Meghalaya,,,2015-2016
125,,Applied Arts and Crafts,,Mizoram,,,2015-2016
126,,Applied Arts and Crafts,,Mizoram,,,2015-2016
127,,Applied Arts and Crafts,,Nagaland,,,2015-2016
128,,Applied Arts and Crafts,,Nagaland,,,2015-2016
129,,Applied Arts and Crafts,,Odisha,,,2015-2016
130,,Applied Arts and Crafts,,Odisha,,,2015-2016
131,,Applied Arts and Crafts,,Orissa,,,2015-2016
132,,Applied Arts and Crafts,,Orissa,,,2015-2016
133,BHARATHIAR PALKALAI KOODAM,Applied Arts and Crafts,Government,Puducherry,PUDUCHERRY,"CUDDALORE MAIN ROAD, ARIYANKUPPAM",2015-2016
134,,Applied Arts and Crafts,,Puducherry,,,2015-2016
135,,Applied Arts and Crafts,,Punjab,,,2015-2016
136,,Applied Arts and Crafts,,Punjab,,,2015-2016
137,,Applied Arts and Crafts,,Rajasthan,,,2015-2016
138,,Applied Arts and Crafts,,Rajasthan,,,2015-2016
139,,Applied Arts and Crafts,,Sikkim,,,2015-2016
140,,Applied Arts and Crafts,,Sikkim,,,2015-2016
141,,Applied Arts and Crafts,,Tamil Nadu,,,2015-2016
142,,Applied Arts and Crafts,,Tamil Nadu,,,2015-2016
143,SRI VENKATESHWARA COLLEGE OF FINE ARTS,Applied Arts and Crafts,Unaided - Private,Telangana,RANGAREDDI,"86, HITECH CITY ROAD, MADHAPUR, HYDERABAD",2015-2016
144,,Applied Arts and Crafts,,Telangana,,,2015-2016
145,,Applied Arts and Crafts,,Tripura,,,2015-2016
146,,Applied Arts and Crafts,,Tripura,,,2015-2016
147,VIDYA INSTITUTE OF FASHION TECHNOLOGY,Applied Arts and Crafts,Unaided - Private,Uttar Pradesh,MEERUT,"VIDYA KNOWLEDGE PARK BAGHPAT ROAD MEERUT ,UTTAR PRADESH-250005",2015-2016
148,FMG (ACADEMY) GROUP OF INSTITUTIONS,Applied Arts and Crafts,Unaided - Private,Uttar Pradesh,G B NAGAR,PLOT NO-8 KNOWLEDGE PARK 3,2015-2016
149,AXIS INSTITUTE OF FASHION TECHNOLOGY,Applied Arts and Crafts,Unaided - Private,Uttar Pradesh,KANPUR NAGAR,VILL-HATHIPUR TEHSIL KANPUR SADAR,2015-2016
150,,Applied Arts and Crafts,,Uttar Pradesh,,,2015-2016
151,,Applied Arts and Crafts,,Uttarakhand,,,2015-2016
152,,Applied Arts and Crafts,,Uttarakhand,,,2015-2016
153,,Applied Arts and Crafts,,West Bengal,,,2015-2016
154,,Applied Arts and Crafts,,West Bengal,,,2015-2016
155,MULTI DISCIPLINARY PROFESSIONAL COLLEGE,Applied Arts and Crafts,Government,Andaman and Nicobar Islands,PORT BLAIR,PHEONIX BAY,2016-2017
156,,Applied Arts and Crafts,,Andaman and Nicobar Islands,,,2016-2017
157,,Applied Arts and Crafts,,Andhra Pradesh,,,2016-2017
158,,Applied Arts and Crafts,,Andhra Pradesh,,,2016-2017
159,,Applied Arts and Crafts,,Arunachal Pradesh,,,2016-2017
160,,Applied Arts and Crafts,,Arunachal Pradesh,,,2016-2017
161,,Applied Arts and Crafts,,Assam,,,2016-2017
162,,Applied Arts and Crafts,,Assam,,,2016-2017
163,,Applied Arts and Crafts,,Bihar,,,2016-2017
164,,Applied Arts and Crafts,,Bihar,,,2016-2017
165,GOVERNMENT COLLEGE OF ART,Applied Arts and Crafts,Government,Chandigarh,CHANDIGARH,SECTOR 10C,2016-2017
166,GOVERNMENT COLLEGE OF ART,Applied Arts and Crafts,Government,Chandigarh,CHANDIGARH,SECTOR 10C,2016-2017
167,,Applied Arts and Crafts,,Chhattisgarh,,,2016-2017
168,,Applied Arts and Crafts,,Chhattisgarh,,,2016-2017
169,,Applied Arts and Crafts,,Dadra and Nagar Haveli,,,2016-2017
170,,Applied Arts and Crafts,,Dadra and Nagar Haveli,,,2016-2017
171,,Applied Arts and Crafts,,Daman and Diu,,,2016-2017
172,,Applied Arts and Crafts,,Daman and Diu,,,2016-2017
173,COLLEGE OF ART,Applied Arts and Crafts,Government,Delhi,EAST DELHI,20-22 TILAK MARG,2016-2017
174,,Applied Arts and Crafts,,Delhi,,,2016-2017
175,GOA COLLEGE OF ART,Applied Arts and Crafts,Government,Goa,NORTH GOA,"ALTINHO, PANAJI - GOA 403 001",2016-2017
176,,Applied Arts and Crafts,,Goa,,,2016-2017
177,,Applied Arts and Crafts,,Gujarat,,,2016-2017
178,,Applied Arts and Crafts,,Gujarat,,,2016-2017
179,GALAXY GLOBAL EDUCATIONAL TRUST'S GROUP OF INSTITUTIONS,Applied Arts and Crafts,Unaided - Private,Haryana,AMBALA,"SHAHABAD-SAHA ROAD, NH-73, VILL. DINARPUR, DISTT. AMBALA",2016-2017
180,,Applied Arts and Crafts,,Haryana,,,2016-2017
181,,Applied Arts and Crafts,,Himachal Pradesh,,,2016-2017
182,,Applied Arts and Crafts,,Himachal Pradesh,,,2016-2017
183,,Applied Arts and Crafts,,Jammu and Kashmir,,,2016-2017
184,,Applied Arts and Crafts,,Jammu and Kashmir,,,2016-2017
185,,Applied Arts and Crafts,,Jharkhand,,,2016-2017
186,,Applied Arts and Crafts,,Jharkhand,,,2016-2017
187,,Applied Arts and Crafts,,Karnataka,,,2016-2017
188,,Applied Arts and Crafts,,Karnataka,,,2016-2017
189,,Applied Arts and Crafts,,Kerala,,,2016-2017
190,,Applied Arts and Crafts,,Kerala,,,2016-2017
191,,Applied Arts and Crafts,,Madhya Pradesh,,,2016-2017
192,,Applied Arts and Crafts,,Madhya Pradesh,,,2016-2017
193,SIR J. J. INSTITUTE OF APPLIED ART,Applied Arts and Crafts,Government,Maharashtra,MUMBAI CITY,"DR. D. N. ROAD, FORT",2016-2017
194,"B. S. BANDEKAR COLLEGE OF FINE ART,( APPLIED ART).",Applied Arts and Crafts,Unaided - Private,Maharashtra,SINDHUDURG,"SURVE NO.54/01, NEAR FOREST BHAVAN,SALAIWADA,AT/PO.SAWANTWADI,DIST:-SINDHUDURGA.416510",2016-2017
195,BHARATI KALA MAHAVIDYALAYA,Applied Arts and Crafts,Unaided - Private,Maharashtra,PUNE,"BHARATI VIDYAPEETH EDUCATIONAL CAMPUS, PUNE-SATARA ROAD, PUNE 411043",2016-2017
196,VIVA INSTITUTE OF APPLIED ART,Applied Arts and Crafts,Unaided - Private,Maharashtra,THANE,"AT:-SHIRGAON, POST:- VIRAR (E)",2016-2017
197,PAD.DR.D.Y.PATIL COLLEGE OF APPLIED ARTS & CRAFTS,Applied Arts and Crafts,Unaided - Private,Maharashtra,PUNE,"SECTOR NO. 29, NIGDI-PRADHIKRAN, AKURDI, PUNE -44",2016-2017
198,,Applied Arts and Crafts,,Maharashtra,,,2016-2017
199,,Applied Arts and Crafts,,Manipur,,,2016-2017
200,,Applied Arts and Crafts,,Manipur,,,2016-2017
201,,Applied Arts and Crafts,,Meghalaya,,,2016-2017
202,,Applied Arts and Crafts,,Meghalaya,,,2016-2017
203,,Applied Arts and Crafts,,Mizoram,,,2016-2017
204,,Applied Arts and Crafts,,Mizoram,,,2016-2017
205,,Applied Arts and Crafts,,Nagaland,,,2016-2017
206,,Applied Arts and Crafts,,Nagaland,,,2016-2017
207,,Applied Arts and Crafts,,Odisha,,,2016-2017
208,,Applied Arts and Crafts,,Odisha,,,2016-2017
209,,Applied Arts and Crafts,,Orissa,,,2016-2017
210,,Applied Arts and Crafts,,Orissa,,,2016-2017
211,BHARATHIAR PALKALAI KOODAM,Applied Arts and Crafts,Government,Puducherry,PUDUCHERRY,"CUDDALORE MAIN ROAD, ARIYANKUPPAM",2016-2017
212,,Applied Arts and Crafts,,Puducherry,,,2016-2017
213,,Applied Arts and Crafts,,Punjab,,,2016-2017
214,,Applied Arts and Crafts,,Punjab,,,2016-2017
215,,Applied Arts and Crafts,,Rajasthan,,,2016-2017
216,,Applied Arts and Crafts,,Rajasthan,,,2016-2017
217,,Applied Arts and Crafts,,Sikkim,,,2016-2017
218,,Applied Arts and Crafts,,Sikkim,,,2016-2017
219,,Applied Arts and Crafts,,Tamil Nadu,,,2016-2017
220,,Applied Arts and Crafts,,Tamil Nadu,,,2016-2017
221,SRI VENKATESHWARA COLLEGE OF FINE ARTS,Applied Arts and Crafts,Unaided - Private,Telangana,RANGAREDDI,"86, HITECH CITY ROAD, MADHAPUR, HYDERABAD",2016-2017
222,,Applied Arts and Crafts,,Telangana,,,2016-2017
223,,Applied Arts and Crafts,,Tripura,,,2016-2017
224,,Applied Arts and Crafts,,Tripura,,,2016-2017
225,FMG (ACADEMY) GROUP OF INSTITUTIONS,Applied Arts and Crafts,Unaided - Private,Uttar Pradesh,G B NAGAR,PLOT NO-8 KNOWLEDGE PARK 3,2016-2017
226,AXIS INSTITUTE OF FASHION TECHNOLOGY,Applied Arts and Crafts,Unaided - Private,Uttar Pradesh,KANPUR NAGAR,VILL-HATHIPUR TEHSIL KANPUR SADAR,2016-2017
227,VIDYA INSTITUTE OF FASHION TECHNOLOGY,Applied Arts and Crafts,Unaided - Private,Uttar Pradesh,MEERUT,"VIDYA KNOWLEDGE PARK BAGHPAT ROAD MEERUT ,UTTAR PRADESH-250005",2016-2017
228,,Applied Arts and Crafts,,Uttar Pradesh,,,2016-2017
229,,Applied Arts and Crafts,,Uttarakhand,,,2016-2017
230,,Applied Arts and Crafts,,Uttarakhand,,,2016-2017
231,,Applied Arts and Crafts,,West Bengal,,,2016-2017
232,,Applied Arts and Crafts,,West Bengal,,,2016-2017
233,,Applied Arts and Crafts,,Andaman and Nicobar Islands,,,2017-2018
234,,Applied Arts and Crafts,,Andaman and Nicobar Islands,,,2017-2018
235,,Applied Arts and Crafts,,Andhra Pradesh,,,2017-2018
236,,Applied Arts and Crafts,,Andhra Pradesh,,,2017-2018
237,,Applied Arts and Crafts,,Arunachal Pradesh,,,2017-2018
238,,Applied Arts and Crafts,,Arunachal Pradesh,,,2017-2018
239,,Applied Arts and Crafts,,Assam,,,2017-2018
240,,Applied Arts and Crafts,,Assam,,,2017-2018
241,,Applied Arts and Crafts,,Bihar,,,2017-2018
242,,Applied Arts and Crafts,,Bihar,,,2017-2018
243,GOVERNMENT COLLEGE OF ART,Applied Arts and Crafts,Government,Chandigarh,CHANDIGARH,SECTOR 10C,2017-2018
244,GOVERNMENT COLLEGE OF ART,Applied Arts and Crafts,Government,Chandigarh,CHANDIGARH,SECTOR 10C,2017-2018
245,,Applied Arts and Crafts,,Chhattisgarh,,,2017-2018
246,,Applied Arts and Crafts,,Chhattisgarh,,,2017-2018
247,,Applied Arts and Crafts,,Dadra and Nagar Haveli,,,2017-2018
248,,Applied Arts and Crafts,,Dadra and Nagar Haveli,,,2017-2018
249,,Applied Arts and Crafts,,Daman and Diu,,,2017-2018
250,,Applied Arts and Crafts,,Daman and Diu,,,2017-2018
251,COLLEGE OF ART,Applied Arts and Crafts,Government,Delhi,EAST DELHI,20-22 TILAK MARG,2017-2018
252,,Applied Arts and Crafts,,Delhi,,,2017-2018
253,GOA COLLEGE OF ART,Applied Arts and Crafts,Government,Goa,NORTH GOA,"ALTINHO, PANAJI - GOA 403 001",2017-2018
254,,Applied Arts and Crafts,,Goa,,,2017-2018
255,,Applied Arts and Crafts,,Gujarat,,,2017-2018
256,,Applied Arts and Crafts,,Gujarat,,,2017-2018
257,GALAXY GLOBAL EDUCATIONAL TRUST'S GROUP OF INSTITUTIONS,Applied Arts and Crafts,Unaided - Private,Haryana,AMBALA,"SHAHABAD-SAHA ROAD, NH-73, VILL. DINARPUR, DISTT. AMBALA",2017-2018
258,,Applied Arts and Crafts,,Haryana,,,2017-2018
259,,Applied Arts and Crafts,,Himachal Pradesh,,,2017-2018
260,,Applied Arts and Crafts,,Himachal Pradesh,,,2017-2018
261,,Applied Arts and Crafts,,Jammu and Kashmir,,,2017-2018
262,,Applied Arts and Crafts,,Jammu and Kashmir,,,2017-2018
263,,Applied Arts and Crafts,,Jharkhand,,,2017-2018
264,,Applied Arts and Crafts,,Jharkhand,,,2017-2018
265,,Applied Arts and Crafts,,Karnataka,,,2017-2018
266,,Applied Arts and Crafts,,Karnataka,,,2017-2018
267,,Applied Arts and Crafts,,Kerala,,,2017-2018
268,,Applied Arts and Crafts,,Kerala,,,2017-2018
269,,Applied Arts and Crafts,,Madhya Pradesh,,,2017-2018
270,,Applied Arts and Crafts,,Madhya Pradesh,,,2017-2018
271,"B. S. BANDEKAR COLLEGE OF FINE ART,( APPLIED ART).",Applied Arts and Crafts,Unaided - Private,Maharashtra,SINDHUDURG,"SURVE NO.54/01, NEAR FOREST BHAVAN,SALAIWADA,AT/PO.SAWANTWADI,DIST:-SINDHUDURGA.416510",2017-2018
272,VIVA INSTITUTE OF APPLIED ART,Applied Arts and Crafts,Unaided - Private,Maharashtra,THANE,"AT:-SHIRGAON, POST:- VIRAR (E)",2017-2018
273,PAD.DR.D.Y.PATIL COLLEGE OF APPLIED ARTS & CRAFTS,Applied Arts and Crafts,Unaided - Private,Maharashtra,PUNE,"SECTOR NO. 29, NIGDI-PRADHIKRAN, AKURDI, PUNE -44",2017-2018
274,SIR J. J. INSTITUTE OF APPLIED ART,Applied Arts and Crafts,Government,Maharashtra,MUMBAI CITY,"DR. D. N. ROAD, FORT",2017-2018
275,BHARATI KALA MAHAVIDYALAYA,Applied Arts and Crafts,Unaided - Private,Maharashtra,PUNE,"BHARATI VIDYAPEETH EDUCATIONAL CAMPUS, PUNE-SATARA ROAD, PUNE 411043",2017-2018
276,RACHANA SANSAD COLLEGE OF APPLIED ART & CRAFT,Applied Arts and Crafts,Unaided - Private,Maharashtra,MUMBAI CITY,"5TH FLOOR, 278, SHANKAR GHANEKAR MARG, PRABHADEVI, MUMBAI-400025 STATE-MAHARASHTRA (INDIA)",2017-2018
277,,Applied Arts and Crafts,,Maharashtra,,,2017-2018
278,,Applied Arts and Crafts,,Manipur,,,2017-2018
279,,Applied Arts and Crafts,,Manipur,,,2017-2018
280,,Applied Arts and Crafts,,Meghalaya,,,2017-2018
281,,Applied Arts and Crafts,,Meghalaya,,,2017-2018
282,,Applied Arts and Crafts,,Mizoram,,,2017-2018
283,,Applied Arts and Crafts,,Mizoram,,,2017-2018
284,,Applied Arts and Crafts,,Nagaland,,,2017-2018
285,,Applied Arts and Crafts,,Nagaland,,,2017-2018
286,,Applied Arts and Crafts,,Odisha,,,2017-2018
287,,Applied Arts and Crafts,,Odisha,,,2017-2018
288,,Applied Arts and Crafts,,Orissa,,,2017-2018
289,,Applied Arts and Crafts,,Orissa,,,2017-2018
290,BHARATHIAR PALKALAI KOODAM,Applied Arts and Crafts,Government,Puducherry,PUDUCHERRY,"CUDDALORE MAIN ROAD, ARIYANKUPPAM",2017-2018
291,,Applied Arts and Crafts,,Puducherry,,,2017-2018
292,,Applied Arts and Crafts,,Punjab,,,2017-2018
293,,Applied Arts and Crafts,,Punjab,,,2017-2018
294,,Applied Arts and Crafts,,Rajasthan,,,2017-2018
295,,Applied Arts and Crafts,,Rajasthan,,,2017-2018
296,,Applied Arts and Crafts,,Sikkim,,,2017-2018
297,,Applied Arts and Crafts,,Sikkim,,,2017-2018
298,,Applied Arts and Crafts,,Tamil Nadu,,,2017-2018
299,,Applied Arts and Crafts,,Tamil Nadu,,,2017-2018
300,SRI VENKATESHWARA COLLEGE OF FINE ARTS,Applied Arts and Crafts,Unaided - Private,Telangana,RANGAREDDI,"86, HITECH CITY ROAD, MADHAPUR, HYDERABAD",2017-2018
301,,Applied Arts and Crafts,,Telangana,,,2017-2018
302,,Applied Arts and Crafts,,Tripura,,,2017-2018
303,,Applied Arts and Crafts,,Tripura,,,2017-2018
304,FMG (ACADEMY) GROUP OF INSTITUTIONS,Applied Arts and Crafts,Unaided - Private,Uttar Pradesh,G B NAGAR,PLOT NO-8 KNOWLEDGE PARK 3,2017-2018
305,VIDYA INSTITUTE OF FASHION TECHNOLOGY,Applied Arts and Crafts,Unaided - Private,Uttar Pradesh,MEERUT,"VIDYA KNOWLEDGE PARK BAGHPAT ROAD MEERUT ,UTTAR PRADESH-250005",2017-2018
306,AXIS INSTITUTE OF FASHION TECHNOLOGY,Applied Arts and Crafts,Unaided - Private,Uttar Pradesh,KANPUR NAGAR,VILL-HATHIPUR TEHSIL KANPUR SADAR,2017-2018
307,,Applied Arts and Crafts,,Uttar Pradesh,,,2017-2018
308,,Applied Arts and Crafts,,Uttarakhand,,,2017-2018
309,,Applied Arts and Crafts,,Uttarakhand,,,2017-2018
310,,Applied Arts and Crafts,,West Bengal,,,2017-2018
311,,Applied Arts and Crafts,,West Bengal,,,2017-2018
312,,Applied Arts and Crafts,,Andaman and Nicobar Islands,,,2018-2019
313,,Applied Arts and Crafts,,Andaman and Nicobar Islands,,,2018-2019
314,KONERU LAKSHMAIAH EDUCATION FOUNDATION,Applied Arts and Crafts,Deemed University(Private),Andhra Pradesh,GUNTUR,"GREEN FIELDS, VADDESWARAM.",2018-2019
315,,Applied Arts and Crafts,,Andhra Pradesh,,,2018-2019
316,,Applied Arts and Crafts,,Arunachal Pradesh,,,2018-2019
317,,Applied Arts and Crafts,,Arunachal Pradesh,,,2018-2019
318,,Applied Arts and Crafts,,Assam,,,2018-2019
319,,Applied Arts and Crafts,,Assam,,,2018-2019
320,,Applied Arts and Crafts,,Bihar,,,2018-2019
321,,Applied Arts and Crafts,,Bihar,,,2018-2019
322,GOVERNMENT COLLEGE OF ART,Applied Arts and Crafts,Government,Chandigarh,CHANDIGARH,SECTOR 10C,2018-2019
323,GOVERNMENT COLLEGE OF ART,Applied Arts and Crafts,Government,Chandigarh,CHANDIGARH,SECTOR 10C,2018-2019
324,,Applied Arts and Crafts,,Chhattisgarh,,,2018-2019
325,,Applied Arts and Crafts,,Chhattisgarh,,,2018-2019
326,,Applied Arts and Crafts,,Dadra and Nagar Haveli,,,2018-2019
327,,Applied Arts and Crafts,,Dadra and Nagar Haveli,,,2018-2019
328,,Applied Arts and Crafts,,Daman and Diu,,,2018-2019
329,,Applied Arts and Crafts,,Daman and Diu,,,2018-2019
330,COLLEGE OF ART,Applied Arts and Crafts,Government,Delhi,EAST DELHI,20-22 TILAK MARG,2018-2019
331,,Applied Arts and Crafts,,Delhi,,,2018-2019
332,GOA COLLEGE OF ART,Applied Arts and Crafts,Government,Goa,NORTH GOA,"ALTINHO, PANAJI - GOA 403 001",2018-2019
333,,Applied Arts and Crafts,,Goa,,,2018-2019
334,,Applied Arts and Crafts,,Gujarat,,,2018-2019
335,,Applied Arts and Crafts,,Gujarat,,,2018-2019
336,GALAXY GLOBAL EDUCATIONAL TRUST'S GROUP OF INSTITUTIONS,Applied Arts and Crafts,Unaided - Private,Haryana,AMBALA,"SHAHABAD-SAHA ROAD, NH-73, VILL. DINARPUR, DISTT. AMBALA",2018-2019
337,,Applied Arts and Crafts,,Haryana,,,2018-2019
338,,Applied Arts and Crafts,,Himachal Pradesh,,,2018-2019
339,,Applied Arts and Crafts,,Himachal Pradesh,,,2018-2019
340,,Applied Arts and Crafts,,Jammu and Kashmir,,,2018-2019
341,,Applied Arts and Crafts,,Jammu and Kashmir,,,2018-2019
342,,Applied Arts and Crafts,,Jharkhand,,,2018-2019
343,,Applied Arts and Crafts,,Jharkhand,,,2018-2019
344,,Applied Arts and Crafts,,Karnataka,,,2018-2019
345,,Applied Arts and Crafts,,Karnataka,,,2018-2019
346,,Applied Arts and Crafts,,Kerala,,,2018-2019
347,,Applied Arts and Crafts,,Kerala,,,2018-2019
348,,Applied Arts and Crafts,,Madhya Pradesh,,,2018-2019
349,,Applied Arts and Crafts,,Madhya Pradesh,,,2018-2019
350,"B. S. BANDEKAR COLLEGE OF FINE ART,( APPLIED ART).",Applied Arts and Crafts,Unaided - Private,Maharashtra,SINDHUDURG,"SURVE NO.54/01, NEAR FOREST BHAVAN,SALAIWADA,AT/PO.SAWANTWADI,DIST:-SINDHUDURGA.416510",2018-2019
351,VIVA INSTITUTE OF APPLIED ART,Applied Arts and Crafts,Unaided - Private,Maharashtra,THANE,"AT:-SHIRGAON, POST:- VIRAR (E)",2018-2019
352,BHARATI KALA MAHAVIDYALAYA,Applied Arts and Crafts,Unaided - Private,Maharashtra,PUNE,"BHARATI VIDYAPEETH EDUCATIONAL CAMPUS, PUNE-SATARA ROAD, PUNE 411043",2018-2019
353,SIR J. J. INSTITUTE OF APPLIED ART,Applied Arts and Crafts,Government,Maharashtra,MUMBAI CITY,"DR. D. N. ROAD, FORT",2018-2019
354,PAD.DR.D.Y.PATIL COLLEGE OF APPLIED ARTS & CRAFTS,Applied Arts and Crafts,Unaided - Private,Maharashtra,PUNE,"SECTOR NO. 29, NIGDI-PRADHIKRAN, AKURDI, PUNE -44",2018-2019
355,SIR J. J. SCHOOL OF ART,Applied Arts and Crafts,Government,Maharashtra,MUMBAI CITY,"78, DR. D. N. ROAD, FORT, MUMBAI 01.",2018-2019
356,RACHANA SANSAD COLLEGE OF APPLIED ART & CRAFT,Applied Arts and Crafts,Unaided - Private,Maharashtra,MUMBAI CITY,"5TH FLOOR, 278, SHANKAR GHANEKAR MARG, PRABHADEVI, MUMBAI-400025 STATE-MAHARASHTRA (INDIA)",2018-2019
357,RACHANA SANSAD COLLEGE OF APPLIED ART & CRAFT,Applied Arts and Crafts,Unaided - Private,Maharashtra,MUMBAI CITY,"5TH FLOOR, 278, SHANKAR GHANEKAR MARG, PRABHADEVI, MUMBAI-400025 STATE-MAHARASHTRA (INDIA)",2018-2019
358,SIR J. J. SCHOOL OF ART,Applied Arts and Crafts,Government,Maharashtra,MUMBAI CITY,"78, DR. D. N. ROAD, FORT, MUMBAI 01.",2018-2019
359,,Applied Arts and Crafts,,Manipur,,,2018-2019
360,,Applied Arts and Crafts,,Manipur,,,2018-2019
361,,Applied Arts and Crafts,,Meghalaya,,,2018-2019
362,,Applied Arts and Crafts,,Meghalaya,,,2018-2019
363,,Applied Arts and Crafts,,Mizoram,,,2018-2019
364,,Applied Arts and Crafts,,Mizoram,,,2018-2019
365,,Applied Arts and Crafts,,Nagaland,,,2018-2019
366,,Applied Arts and Crafts,,Nagaland,,,2018-2019
367,,Applied Arts and Crafts,,Odisha,,,2018-2019
368,,Applied Arts and Crafts,,Odisha,,,2018-2019
369,,Applied Arts and Crafts,,Orissa,,,2018-2019
370,,Applied Arts and Crafts,,Orissa,,,2018-2019
371,BHARATHIAR PALKALAI KOODAM,Applied Arts and Crafts,Government,Puducherry,PUDUCHERRY,"CUDDALORE MAIN ROAD, ARIYANKUPPAM",2018-2019
372,,Applied Arts and Crafts,,Puducherry,,,2018-2019
373,,Applied Arts and Crafts,,Punjab,,,2018-2019
374,,Applied Arts and Crafts,,Punjab,,,2018-2019
375,,Applied Arts and Crafts,,Rajasthan,,,2018-2019
376,,Applied Arts and Crafts,,Rajasthan,,,2018-2019
377,,Applied Arts and Crafts,,Sikkim,,,2018-2019
378,,Applied Arts and Crafts,,Sikkim,,,2018-2019
379,HINDUSTAN INSTITUTE OF TECHNOLOGY AND SCIENCE,Applied Arts and Crafts,Deemed University(Private),Tamil Nadu,KANCHIPURAM,"NO.1, RAJIV GANDHI SALAI(OMR), PADUR(VIA) KELAMBAKKAM, CHENNAI 603103",2018-2019
380,,Applied Arts and Crafts,,Tamil Nadu,,,2018-2019
381,SRI VENKATESHWARA COLLEGE OF FINE ARTS,Applied Arts and Crafts,Unaided - Private,Telangana,RANGAREDDI,"86, HITECH CITY ROAD, MADHAPUR, HYDERABAD",2018-2019
382,JNAFAU COLLEGE OF FINE ARTS,Applied Arts and Crafts,Government,Telangana,HYDERABAD,MAHAVEERMARG MASABTANK HYDERABAD-500028,2018-2019
383,JNAFAU COLLEGE OF FINE ARTS,Applied Arts and Crafts,Government,Telangana,HYDERABAD,MAHAVEERMARG MASABTANK HYDERABAD-500028,2018-2019
384,,Applied Arts and Crafts,,Tripura,,,2018-2019
385,,Applied Arts and Crafts,,Tripura,,,2018-2019
386,VIDYA INSTITUTE OF FASHION TECHNOLOGY,Applied Arts and Crafts,Unaided - Private,Uttar Pradesh,MEERUT,"VIDYA KNOWLEDGE PARK BAGHPAT ROAD MEERUT ,UTTAR PRADESH-250005",2018-2019
387,FMG (ACADEMY) GROUP OF INSTITUTIONS,Applied Arts and Crafts,Unaided - Private,Uttar Pradesh,G B NAGAR,PLOT NO-8 KNOWLEDGE PARK 3,2018-2019
388,AXIS INSTITUTE OF FASHION TECHNOLOGY,Applied Arts and Crafts,Unaided - Private,Uttar Pradesh,KANPUR NAGAR,VILL-HATHIPUR TEHSIL KANPUR SADAR,2018-2019
389,,Applied Arts and Crafts,,Uttar Pradesh,,,2018-2019
390,,Applied Arts and Crafts,,Uttarakhand,,,2018-2019
391,,Applied Arts and Crafts,,Uttarakhand,,,2018-2019
392,,Applied Arts and Crafts,,West Bengal,,,2018-2019
393,,Applied Arts and Crafts,,West Bengal,,,2018-2019
394,,Applied Arts and Crafts,,Andaman and Nicobar Islands,,,2019-2020
395,,Applied Arts and Crafts,,Andaman and Nicobar Islands,,,2019-2020
396,KONERU LAKSHMAIAH EDUCATION FOUNDATION,Applied Arts and Crafts,Deemed University(Private),Andhra Pradesh,GUNTUR,"GREEN FIELDS, VADDESWARAM.",2019-2020
397,,Applied Arts and Crafts,,Andhra Pradesh,,,2019-2020
398,,Applied Arts and Crafts,,Arunachal Pradesh,,,2019-2020
399,,Applied Arts and Crafts,,Arunachal Pradesh,,,2019-2020
400,,Applied Arts and Crafts,,Assam,,,2019-2020
401,,Applied Arts and Crafts,,Assam,,,2019-2020
402,,Applied Arts and Crafts,,Bihar,,,2019-2020
403,,Applied Arts and Crafts,,Bihar,,,2019-2020
404,GOVERNMENT COLLEGE OF ART,Applied Arts and Crafts,Government,Chandigarh,CHANDIGARH,SECTOR 10C,2019-2020
405,GOVERNMENT COLLEGE OF ART,Applied Arts and Crafts,Government,Chandigarh,CHANDIGARH,SECTOR 10C,2019-2020
406,,Applied Arts and Crafts,,Chhattisgarh,,,2019-2020
407,,Applied Arts and Crafts,,Chhattisgarh,,,2019-2020
408,,Applied Arts and Crafts,,Dadra and Nagar Haveli,,,2019-2020
409,,Applied Arts and Crafts,,Dadra and Nagar Haveli,,,2019-2020
410,,Applied Arts and Crafts,,Daman and Diu,,,2019-2020
411,,Applied Arts and Crafts,,Daman and Diu,,,2019-2020
412,COLLEGE OF ART,Applied Arts and Crafts,Government,Delhi,EAST DELHI,20-22 TILAK MARG,2019-2020
413,,Applied Arts and Crafts,,Delhi,,,2019-2020
414,GOA COLLEGE OF ART,Applied Arts and Crafts,Government,Goa,NORTH GOA,"ALTINHO, PANAJI - GOA 403 001",2019-2020
415,,Applied Arts and Crafts,,Goa,,,2019-2020
416,,Applied Arts and Crafts,,Gujarat,,,2019-2020
417,,Applied Arts and Crafts,,Gujarat,,,2019-2020
418,GALAXY GLOBAL EDUCATIONAL TRUST'S GROUP OF INSTITUTIONS,Applied Arts and Crafts,Unaided - Private,Haryana,AMBALA,"SHAHABAD-SAHA ROAD, NH-73, VILL. DINARPUR, DISTT. AMBALA",2019-2020
419,,Applied Arts and Crafts,,Haryana,,,2019-2020
420,,Applied Arts and Crafts,,Himachal Pradesh,,,2019-2020
421,,Applied Arts and Crafts,,Himachal Pradesh,,,2019-2020
422,,Applied Arts and Crafts,,Jammu and Kashmir,,,2019-2020
423,,Applied Arts and Crafts,,Jammu and Kashmir,,,2019-2020
424,,Applied Arts and Crafts,,Jharkhand,,,2019-2020
425,,Applied Arts and Crafts,,Jharkhand,,,2019-2020
426,,Applied Arts and Crafts,,Karnataka,,,2019-2020
427,,Applied Arts and Crafts,,Karnataka,,,2019-2020
428,COLLEGE OF ARCHITECTURE TRIVANDRUM,Applied Arts and Crafts,Unaided - Private,Kerala,THIRUVANANTHAPURAM,"THINAVILA,MULAYARA-P.O.,VIA-VELLANAD",2019-2020
429,,Applied Arts and Crafts,,Kerala,,,2019-2020
430,OXFORD INTERNATIONAL,Applied Arts and Crafts,Unaided - Private,Madhya Pradesh,INDORE,"SERVE NO. 151/1, 151/4 , JAMBUDI HAPSI, HATOD ROAD",2019-2020
431,,Applied Arts and Crafts,,Madhya Pradesh,,,2019-2020
432,VIVA INSTITUTE OF APPLIED ART,Applied Arts and Crafts,Unaided - Private,Maharashtra,THANE,"AT:-SHIRGAON, POST:- VIRAR (E)",2019-2020
433,BHARATI VIDYAPEETHS COLLEGE OF FINE ARTS,Applied Arts and Crafts,Unaided - Private,Maharashtra,PUNE,"BHARATI VIDYAPEETH EDUCATIONAL CAMPUS, PUNE-SATARA ROAD, PUNE 411043",2019-2020
434,SIR J. J. INSTITUTE OF APPLIED ART,Applied Arts and Crafts,Government,Maharashtra,MUMBAI CITY,"DR. D. N. ROAD, FORT",2019-2020
435,PAD.DR.D.Y.PATIL COLLEGE OF APPLIED ARTS & CRAFTS,Applied Arts and Crafts,Unaided - Private,Maharashtra,PUNE,"SECTOR NO. 29, NIGDI-PRADHIKRAN, AKURDI, PUNE -44",2019-2020
436,SIR J. J. SCHOOL OF ART,Applied Arts and Crafts,Government,Maharashtra,MUMBAI CITY,"78, DR. D. N. ROAD, FORT, MUMBAI 01.",2019-2020
437,RACHANA SANSAD COLLEGE OF APPLIED ART & CRAFT,Applied Arts and Crafts,Unaided - Private,Maharashtra,MUMBAI CITY,"5TH FLOOR, 278, SHANKAR GHANEKAR MARG, PRABHADEVI, MUMBAI-400025 STATE-MAHARASHTRA (INDIA)",2019-2020
438,"B. S. BANDEKAR COLLEGE OF FINE ART,( APPLIED ART).",Applied Arts and Crafts,Unaided - Private,Maharashtra,SINDHUDURG,"SURVE NO.54/01, NEAR FOREST BHAVAN,SALAIWADA,AT/PO.SAWANTWADI,DIST:-SINDHUDURGA.416510",2019-2020
439,PADMABHUSHAN VASANTDADA PATIL PRATISHTHAN'S COLLEGE OF ENGINEERING,Applied Arts and Crafts,Unaided - Private,Maharashtra,MUMBAI CITY,"VASANTDADA PATIL EDUCATIONAL COMPLEX, EASTERN EXPRESS HIGHWAY, NEAR PRIYADARSHINI BUILDING, SION-CHUNABHATTI, MUMBAI - 400 022",2019-2020
440,GOVERNMENT SCHOOL OF ART,Applied Arts and Crafts,Government,Maharashtra,AURANGABAD,"KIL E ARK, ZANANA MAHAL, AURANGABAD.",2019-2020
441,SIR J. J. SCHOOL OF ART,Applied Arts and Crafts,Government,Maharashtra,MUMBAI CITY,"78, DR. D. N. ROAD, FORT, MUMBAI 01.",2019-2020
442,GOVERNMENT SCHOOL OF ART,Applied Arts and Crafts,Government,Maharashtra,AURANGABAD,"KIL E ARK, ZANANA MAHAL, AURANGABAD.",2019-2020
443,FTII,Applied Arts and Crafts,Government,Maharashtra,PUNE,"LAW COLLEGE ROAD, NEAR NAL STOP, PUNE,",2019-2020
444,,Applied Arts and Crafts,,Manipur,,,2019-2020
445,,Applied Arts and Crafts,,Manipur,,,2019-2020
446,,Applied Arts and Crafts,,Meghalaya,,,2019-2020
447,,Applied Arts and Crafts,,Meghalaya,,,2019-2020
448,,Applied Arts and Crafts,,Mizoram,,,2019-2020
449,,Applied Arts and Crafts,,Mizoram,,,2019-2020
450,,Applied Arts and Crafts,,Nagaland,,,2019-2020
451,,Applied Arts and Crafts,,Nagaland,,,2019-2020
452,,Applied Arts and Crafts,,Odisha,,,2019-2020
453,,Applied Arts and Crafts,,Odisha,,,2019-2020
454,,Applied Arts and Crafts,,Orissa,,,2019-2020
455,,Applied Arts and Crafts,,Orissa,,,2019-2020
456,BHARATHIAR PALKALAI KOODAM,Applied Arts and Crafts,Government,Puducherry,PUDUCHERRY,"CUDDALORE MAIN ROAD, ARIYANKUPPAM",2019-2020
457,,Applied Arts and Crafts,,Puducherry,,,2019-2020
458,,Applied Arts and Crafts,,Punjab,,,2019-2020
459,,Applied Arts and Crafts,,Punjab,,,2019-2020
460,,Applied Arts and Crafts,,Rajasthan,,,2019-2020
461,,Applied Arts and Crafts,,Rajasthan,,,2019-2020
462,,Applied Arts and Crafts,,Sikkim,,,2019-2020
463,,Applied Arts and Crafts,,Sikkim,,,2019-2020
464,HINDUSTAN INSTITUTE OF TECHNOLOGY AND SCIENCE,Applied Arts and Crafts,Deemed University(Private),Tamil Nadu,KANCHIPURAM,"NO.1, RAJIV GANDHI SALAI(OMR), PADUR(VIA) KELAMBAKKAM, CHENNAI 603103",2019-2020
465,GOVERNMENT COLLEGE OF FINE ARTS,Applied Arts and Crafts,Government,Tamil Nadu,CHENNAI,"31,E.V.R.PERIYAR SALAI,PERIYAMET, CHENNAI",2019-2020
466,GOVERNMENT COLLEGE OF FINE ARTS,Applied Arts and Crafts,Government,Tamil Nadu,CHENNAI,"31,E.V.R.PERIYAR SALAI,PERIYAMET, CHENNAI",2019-2020
467,SRI VENKATESHWARA COLLEGE OF FINE ARTS,Applied Arts and Crafts,Unaided - Private,Telangana,RANGAREDDI,"86, HITECH CITY ROAD, MADHAPUR, HYDERABAD",2019-2020
468,,Applied Arts and Crafts,,Telangana,,,2019-2020
469,,Applied Arts and Crafts,,Tripura,,,2019-2020
470,,Applied Arts and Crafts,,Tripura,,,2019-2020
471,VIDYA INSTITUTE OF FASHION TECHNOLOGY,Applied Arts and Crafts,Unaided - Private,Uttar Pradesh,MEERUT,"VIDYA KNOWLEDGE PARK BAGHPAT ROAD MEERUT ,UTTAR PRADESH-250005",2019-2020
472,FMG (ACADEMY) GROUP OF INSTITUTIONS,Applied Arts and Crafts,Unaided - Private,Uttar Pradesh,G B NAGAR,PLOT NO-8 KNOWLEDGE PARK 3,2019-2020
473,AXIS INSTITUTE OF FASHION TECHNOLOGY,Applied Arts and Crafts,Unaided - Private,Uttar Pradesh,KANPUR NAGAR,VILL-HATHIPUR TEHSIL KANPUR SADAR,2019-2020
474,KANPUR INSTITUTE OF TECHNOLOGY,Applied Arts and Crafts,Unaided - Private,Uttar Pradesh,KANPUR NAGAR,A-1 UPSIDC INDUSTRIAL AREA ROOMA,2019-2020
475,,Applied Arts and Crafts,,Uttar Pradesh,,,2019-2020
476,,Applied Arts and Crafts,,Uttarakhand,,,2019-2020
477,,Applied Arts and Crafts,,Uttarakhand,,,2019-2020
478,,Applied Arts and Crafts,,West Bengal,,,2019-2020
479,,Applied Arts and Crafts,,West Bengal,,,2019-2020
480,,Applied Arts and Crafts,,Andaman and Nicobar Islands,,,2020-2021
481,,Applied Arts and Crafts,,Andaman and Nicobar Islands,,,2020-2021
482,KONERU LAKSHMAIAH EDUCATION FOUNDATION,Applied Arts and Crafts,Deemed to be University(Pvt),Andhra Pradesh,GUNTUR,"GREEN FIELDS, VADDESWARAM.",2020-2021
483,,Applied Arts and Crafts,,Andhra Pradesh,,,2020-2021
484,,Applied Arts and Crafts,,Arunachal Pradesh,,,2020-2021
485,,Applied Arts and Crafts,,Arunachal Pradesh,,,2020-2021
486,,Applied Arts and Crafts,,Assam,,,2020-2021
487,,Applied Arts and Crafts,,Assam,,,2020-2021
488,,Applied Arts and Crafts,,Bihar,,,2020-2021
489,,Applied Arts and Crafts,,Bihar,,,2020-2021
490,GOVERNMENT COLLEGE OF ART,Applied Arts and Crafts,Government,Chandigarh,CHANDIGARH,SECTOR 10C,2020-2021
491,GOVERNMENT COLLEGE OF ART,Applied Arts and Crafts,Government,Chandigarh,CHANDIGARH,SECTOR 10C,2020-2021
492,,Applied Arts and Crafts,,Chhattisgarh,,,2020-2021
493,,Applied Arts and Crafts,,Chhattisgarh,,,2020-2021
494,,Applied Arts and Crafts,,Dadra and Nagar Haveli,,,2020-2021
495,,Applied Arts and Crafts,,Dadra and Nagar Haveli,,,2020-2021
496,,Applied Arts and Crafts,,Daman and Diu,,,2020-2021
497,,Applied Arts and Crafts,,Daman and Diu,,,2020-2021
498,,Applied Arts and Crafts,,Delhi,,,2020-2021
499,,Applied Arts and Crafts,,Delhi,,,2020-2021
500,GOA COLLEGE OF ART,Applied Arts and Crafts,Government,Goa,NORTH GOA,"ALTINHO, PANAJI - GOA 403 001",2020-2021
501,GOA COLLEGE OF ART,Applied Arts and Crafts,Government,Goa,NORTH GOA,"ALTINHO, PANAJI - GOA 403 001",2020-2021
502,,Applied Arts and Crafts,,Gujarat,,,2020-2021
503,,Applied Arts and Crafts,,Gujarat,,,2020-2021
504,GALAXY GLOBAL EDUCATIONAL TRUST'S GROUP OF INSTITUTIONS,Applied Arts and Crafts,Private-Self Financing,Haryana,AMBALA,"SHAHABAD-SAHA ROAD, NH-73, VILL. DINARPUR, DISTT. AMBALA",2020-2021
505,,Applied Arts and Crafts,,Haryana,,,2020-2021
506,,Applied Arts and Crafts,,Himachal Pradesh,,,2020-2021
507,,Applied Arts and Crafts,,Himachal Pradesh,,,2020-2021
508,,Applied Arts and Crafts,,Jammu and Kashmir,,,2020-2021
509,,Applied Arts and Crafts,,Jammu and Kashmir,,,2020-2021
510,,Applied Arts and Crafts,,Jharkhand,,,2020-2021
511,,Applied Arts and Crafts,,Jharkhand,,,2020-2021
512,,Applied Arts and Crafts,,Karnataka,,,2020-2021
513,,Applied Arts and Crafts,,Karnataka,,,2020-2021
514,COLLEGE OF ARCHITECTURE TRIVANDRUM,Applied Arts and Crafts,Private-Self Financing,Kerala,THIRUVANANTHAPURAM,"THINAVILA,MULAYARA-P.O.,VIA-VELLANAD",2020-2021
515,,Applied Arts and Crafts,,Kerala,,,2020-2021
516,OXFORD INTERNATIONAL,Applied Arts and Crafts,Private-Self Financing,Madhya Pradesh,INDORE,"SERVE NO. 151/1, 151/4 , JAMBUDI HAPSI, HATOD ROAD",2020-2021
517,,Applied Arts and Crafts,,Madhya Pradesh,,,2020-2021
518,GOVERNMENT SCHOOL OF ART,Applied Arts and Crafts,Government,Maharashtra,AURANGABAD,"KIL E ARK, ZANANA MAHAL, AURANGABAD.",2020-2021
519,SIR J. J. SCHOOL OF ART,Applied Arts and Crafts,Government,Maharashtra,MUMBAI CITY,"78, DR. D. N. ROAD, FORT, MUMBAI 01.",2020-2021
520,PAD.DR.D.Y.PATIL COLLEGE OF APPLIED ARTS & CRAFTS,Applied Arts and Crafts,Private-Self Financing,Maharashtra,PUNE,"SECTOR NO. 29, NIGDI-PRADHIKRAN, AKURDI, PUNE -44",2020-2021
521,RACHANA SANSAD COLLEGE OF APPLIED ART & CRAFT,Applied Arts and Crafts,Private-Self Financing,Maharashtra,MUMBAI CITY,"5TH FLOOR, 278, SHANKAR GHANEKAR MARG, PRABHADEVI, MUMBAI-400025 STATE-MAHARASHTRA (INDIA)",2020-2021
522,"B. S. BANDEKAR COLLEGE OF FINE ART,( APPLIED ART).",Applied Arts and Crafts,Private-Self Financing,Maharashtra,SINDHUDURG,"SURVE NO.54/01, NEAR FOREST BHAVAN,SALAIWADA,AT/PO.SAWANTWADI,DIST:-SINDHUDURGA.416510",2020-2021
523,VIVA INSTITUTE OF APPLIED ART,Applied Arts and Crafts,Private-Self Financing,Maharashtra,THANE,"AT:-SHIRGAON, POST:- VIRAR (E)",2020-2021
524,VASANTDADA PATIL PRATISHTHAN'S COLLEGE OF ENGINEERING AND VISUAL ARTS,Applied Arts and Crafts,Private-Self Financing,Maharashtra,MUMBAI CITY,"VASANTDADA PATIL EDUCATIONAL COMPLEX, EASTERN EXPRESS HIGHWAY, NEAR PRIYADARSHINI BUILDING, SION-CHUNABHATTI, MUMBAI - 400 022",2020-2021
525,SIR J. J. INSTITUTE OF APPLIED ART,Applied Arts and Crafts,Government,Maharashtra,MUMBAI CITY,"DR. D. N. ROAD, FORT",2020-2021
526,BHARATI VIDYAPEETHS COLLEGE OF FINE ARTS,Applied Arts and Crafts,Private-Self Financing,Maharashtra,PUNE,"BHARATI VIDYAPEETH EDUCATIONAL CAMPUS, PUNE-SATARA ROAD, PUNE 411043",2020-2021
527,FTII,Applied Arts and Crafts,Government,Maharashtra,PUNE,"LAW COLLEGE ROAD, NEAR NAL STOP, PUNE,",2020-2021
528,GOVERNMENT SCHOOL OF ART,Applied Arts and Crafts,Government,Maharashtra,AURANGABAD,"KIL E ARK, ZANANA MAHAL, AURANGABAD.",2020-2021
529,SIR J. J. SCHOOL OF ART,Applied Arts and Crafts,Government,Maharashtra,MUMBAI CITY,"78, DR. D. N. ROAD, FORT, MUMBAI 01.",2020-2021
530,,Applied Arts and Crafts,,Manipur,,,2020-2021
531,,Applied Arts and Crafts,,Manipur,,,2020-2021
532,,Applied Arts and Crafts,,Meghalaya,,,2020-2021
533,,Applied Arts and Crafts,,Meghalaya,,,2020-2021
534,,Applied Arts and Crafts,,Mizoram,,,2020-2021
535,,Applied Arts and Crafts,,Mizoram,,,2020-2021
536,,Applied Arts and Crafts,,Nagaland,,,2020-2021
537,,Applied Arts and Crafts,,Nagaland,,,2020-2021
538,,Applied Arts and Crafts,,Odisha,,,2020-2021
539,,Applied Arts and Crafts,,Odisha,,,2020-2021
540,,Applied Arts and Crafts,,Orissa,,,2020-2021
541,,Applied Arts and Crafts,,Orissa,,,2020-2021
542,BHARATHIAR PALKALAI KOODAM,Applied Arts and Crafts,Government,Puducherry,PUDUCHERRY,"CUDDALORE MAIN ROAD, ARIYANKUPPAM",2020-2021
543,,Applied Arts and Crafts,,Puducherry,,,2020-2021
544,,Applied Arts and Crafts,,Punjab,,,2020-2021
545,,Applied Arts and Crafts,,Punjab,,,2020-2021
546,,Applied Arts and Crafts,,Rajasthan,,,2020-2021
547,,Applied Arts and Crafts,,Rajasthan,,,2020-2021
548,,Applied Arts and Crafts,,Sikkim,,,2020-2021
549,,Applied Arts and Crafts,,Sikkim,,,2020-2021
550,HINDUSTAN INSTITUTE OF TECHNOLOGY AND SCIENCE,Applied Arts and Crafts,Deemed to be University(Pvt),Tamil Nadu,KANCHIPURAM,"NO.1, RAJIV GANDHI SALAI(OMR), PADUR(VIA) KELAMBAKKAM, CHENNAI 603103",2020-2021
551,,Applied Arts and Crafts,,Tamil Nadu,,,2020-2021
552,SRI VENKATESHWARA COLLEGE OF FINE ARTS,Applied Arts and Crafts,Private-Self Financing,Telangana,RANGAREDDI,"86, HITECH CITY ROAD, MADHAPUR, HYDERABAD",2020-2021
553,,Applied Arts and Crafts,,Telangana,,,2020-2021
554,,Applied Arts and Crafts,,Tripura,,,2020-2021
555,,Applied Arts and Crafts,,Tripura,,,2020-2021
556,KANPUR INSTITUTE OF TECHNOLOGY,Applied Arts and Crafts,Private-Self Financing,Uttar Pradesh,KANPUR NAGAR,A-1 UPSIDC INDUSTRIAL AREA ROOMA,2020-2021
557,AXIS INSTITUTE OF FASHION TECHNOLOGY,Applied Arts and Crafts,Private-Self Financing,Uttar Pradesh,KANPUR NAGAR,VILL-HATHIPUR TEHSIL KANPUR SADAR,2020-2021
558,VIDYA INSTITUTE OF FASHION TECHNOLOGY,Applied Arts and Crafts,Private-Self Financing,Uttar Pradesh,MEERUT,"VIDYA KNOWLEDGE PARK BAGHPAT ROAD MEERUT ,UTTAR PRADESH-250005",2020-2021
559,AXIS INSTITUTE OF FASHION TECHNOLOGY,Applied Arts and Crafts,Private-Self Financing,Uttar Pradesh,KANPUR NAGAR,VILL-HATHIPUR TEHSIL KANPUR SADAR,2020-2021
560,,Applied Arts and Crafts,,Uttarakhand,,,2020-2021
561,,Applied Arts and Crafts,,Uttarakhand,,,2020-2021
562,,Applied Arts and Crafts,,West Bengal,,,2020-2021
563,,Applied Arts and Crafts,,West Bengal,,,2020-2021
564,,Applied Arts and Crafts,,Andaman and Nicobar Islands,,,2021-2022
565,,Applied Arts and Crafts,,Andaman and Nicobar Islands,,,2021-2022
566,,Applied Arts and Crafts,,Andhra Pradesh,,,2021-2022
567,,Applied Arts and Crafts,,Andhra Pradesh,,,2021-2022
568,,Applied Arts and Crafts,,Arunachal Pradesh,,,2021-2022
569,,Applied Arts and Crafts,,Arunachal Pradesh,,,2021-2022
570,,Applied Arts and Crafts,,Assam,,,2021-2022
571,,Applied Arts and Crafts,,Assam,,,2021-2022
572,,Applied Arts and Crafts,,Bihar,,,2021-2022
573,,Applied Arts and Crafts,,Bihar,,,2021-2022
574,GOVERNMENT COLLEGE OF ART,Applied Arts and Crafts,Government,Chandigarh,CHANDIGARH,SECTOR 10C,2021-2022
575,GOVERNMENT COLLEGE OF ART,Applied Arts and Crafts,Government,Chandigarh,CHANDIGARH,SECTOR 10C,2021-2022
576,,Applied Arts and Crafts,,Chhattisgarh,,,2021-2022
577,,Applied Arts and Crafts,,Chhattisgarh,,,2021-2022
578,,Applied Arts and Crafts,,Dadra and Nagar Haveli,,,2021-2022
579,,Applied Arts and Crafts,,Dadra and Nagar Haveli,,,2021-2022
580,,Applied Arts and Crafts,,Daman and Diu,,,2021-2022
581,,Applied Arts and Crafts,,Daman and Diu,,,2021-2022
582,,Applied Arts and Crafts,,Delhi,,,2021-2022
583,,Applied Arts and Crafts,,Delhi,,,2021-2022
584,GOA COLLEGE OF ART,Applied Arts and Crafts,Government,Goa,NORTH GOA,"ALTINHO, PANAJI - GOA 403 001",2021-2022
585,GOA COLLEGE OF ART,Applied Arts and Crafts,Government,Goa,NORTH GOA,"ALTINHO, PANAJI - GOA 403 001",2021-2022
586,,Applied Arts and Crafts,,Gujarat,,,2021-2022
587,,Applied Arts and Crafts,,Gujarat,,,2021-2022
588,PANIPAT INSTITUTE OF ENGINEERING & TECHNOLOGY,Applied Arts and Crafts,Private-Self Financing,Haryana,PANIPAT,"70KM MILESTONE, NH-1, VILLAGE PATTIKALYANA, SAMALKHA",2021-2022
589,GALAXY GLOBAL EDUCATIONAL TRUST'S GROUP OF INSTITUTIONS,Applied Arts and Crafts,Private-Self Financing,Haryana,AMBALA,"SHAHABAD-SAHA ROAD, NH-73, VILL. DINARPUR, DISTT. AMBALA",2021-2022
590,,Applied Arts and Crafts,,Haryana,,,2021-2022
591,,Applied Arts and Crafts,,Himachal Pradesh,,,2021-2022
592,,Applied Arts and Crafts,,Himachal Pradesh,,,2021-2022
593,,Applied Arts and Crafts,,Jammu and Kashmir,,,2021-2022
594,,Applied Arts and Crafts,,Jammu and Kashmir,,,2021-2022
595,,Applied Arts and Crafts,,Jharkhand,,,2021-2022
596,,Applied Arts and Crafts,,Jharkhand,,,2021-2022
597,,Applied Arts and Crafts,,Karnataka,,,2021-2022
598,,Applied Arts and Crafts,,Karnataka,,,2021-2022
599,COLLEGE OF ARCHITECTURE TRIVANDRUM,Applied Arts and Crafts,Private-Self Financing,Kerala,THIRUVANANTHAPURAM,"THINAVILA,MULAYARA-P.O.,VIA-VELLANAD",2021-2022
600,,Applied Arts and Crafts,,Kerala,,,2021-2022
601,,Applied Arts and Crafts,,Madhya Pradesh,,,2021-2022
602,,Applied Arts and Crafts,,Madhya Pradesh,,,2021-2022
603,VIVA INSTITUTE OF APPLIED ART,Applied Arts and Crafts,Private-Self Financing,Maharashtra,THANE,"AT:-SHIRGAON, POST:- VIRAR (E)",2021-2022
604,VASANTDADA PATIL PRATISHTHAN'S COLLEGE OF ENGINEERING AND VISUAL ARTS,Applied Arts and Crafts,Private-Self Financing,Maharashtra,MUMBAI CITY,"VASANTDADA PATIL EDUCATIONAL COMPLEX, EASTERN EXPRESS HIGHWAY, NEAR PRIYADARSHINI BUILDING, SION-CHUNABHATTI, MUMBAI - 400 022",2021-2022
605,SIR J. J. INSTITUTE OF APPLIED ART,Applied Arts and Crafts,Government,Maharashtra,MUMBAI CITY,"DR. D. N. ROAD, FORT",2021-2022
606,BHARATI VIDYAPEETHS COLLEGE OF FINE ARTS,Applied Arts and Crafts,Private-Self Financing,Maharashtra,PUNE,"BHARATI VIDYAPEETH EDUCATIONAL CAMPUS, PUNE-SATARA ROAD, PUNE 411043",2021-2022
607,"B. S. BANDEKAR COLLEGE OF FINE ART,( APPLIED ART).",Applied Arts and Crafts,Private-Self Financing,Maharashtra,SINDHUDURG,"SURVE NO.54/01, NEAR FOREST BHAVAN,SALAIWADA,AT/PO.SAWANTWADI,DIST:-SINDHUDURGA.416510",2021-2022
608,PAD.DR.D.Y.PATIL COLLEGE OF APPLIED ARTS & CRAFTS,Applied Arts and Crafts,Private-Self Financing,Maharashtra,PUNE,"SECTOR NO. 29, NIGDI-PRADHIKRAN, AKURDI, PUNE -44",2021-2022
609,GOVERNMENT SCHOOL OF ART,Applied Arts and Crafts,Government,Maharashtra,AURANGABAD,"KIL E ARK, ZANANA MAHAL, AURANGABAD.",2021-2022
610,RACHANA SANSAD COLLEGE OF APPLIED ART & CRAFT,Applied Arts and Crafts,Private-Self Financing,Maharashtra,MUMBAI CITY,"5TH FLOOR, 278, SHANKAR GHANEKAR MARG, PRABHADEVI, MUMBAI-400025 STATE-MAHARASHTRA (INDIA)",2021-2022
611,SIR J. J. SCHOOL OF ART,Applied Arts and Crafts,Government,Maharashtra,MUMBAI CITY,"78, DR. D. N. ROAD, FORT, MUMBAI 01.",2021-2022
612,GOVERNMENT SCHOOL OF ART,Applied Arts and Crafts,Government,Maharashtra,AURANGABAD,"KIL E ARK, ZANANA MAHAL, AURANGABAD.",2021-2022
613,SIR J. J. SCHOOL OF ART,Applied Arts and Crafts,Government,Maharashtra,MUMBAI CITY,"78, DR. D. N. ROAD, FORT, MUMBAI 01.",2021-2022
614,FTII,Applied Arts and Crafts,Government,Maharashtra,PUNE,"LAW COLLEGE ROAD, NEAR NAL STOP, PUNE,",2021-2022
615,,Applied Arts and Crafts,,Manipur,,,2021-2022
616,,Applied Arts and Crafts,,Manipur,,,2021-2022
617,,Applied Arts and Crafts,,Meghalaya,,,2021-2022
618,,Applied Arts and Crafts,,Meghalaya,,,2021-2022
619,,Applied Arts and Crafts,,Mizoram,,,2021-2022
620,,Applied Arts and Crafts,,Mizoram,,,2021-2022
621,,Applied Arts and Crafts,,Nagaland,,,2021-2022
622,,Applied Arts and Crafts,,Nagaland,,,2021-2022
623,BIJU PATTANAIK FILM & TELEVISION INSTITUTE OF ORISSA,Applied Arts and Crafts,Government,Odisha,CUTTACK,"MEDICAL ROAD BOSE CAMPUS, CUTTACK ORISSA-753007",2021-2022
624,,Applied Arts and Crafts,,Odisha,,,2021-2022
625,,Applied Arts and Crafts,,Orissa,,,2021-2022
626,,Applied Arts and Crafts,,Orissa,,,2021-2022
627,BHARATHIAR PALKALAI KOODAM,Applied Arts and Crafts,Government,Puducherry,PUDUCHERRY,"CUDDALORE MAIN ROAD, ARIYANKUPPAM",2021-2022
628,,Applied Arts and Crafts,,Puducherry,,,2021-2022
629,,Applied Arts and Crafts,,Punjab,,,2021-2022
630,,Applied Arts and Crafts,,Punjab,,,2021-2022
631,MANIPAL UNIVERSITY JAIPUR,Applied Arts and Crafts,Private-Self Financing,Rajasthan,JAIPUR,"DEHMI KALAN , JAIPUR AJMER EXPRESSWAY, JAIPUR 303007",2021-2022
632,MANIPAL UNIVERSITY JAIPUR,Applied Arts and Crafts,Private-Self Financing,Rajasthan,JAIPUR,"DEHMI KALAN , JAIPUR AJMER EXPRESSWAY, JAIPUR 303007",2021-2022
633,,Applied Arts and Crafts,,Sikkim,,,2021-2022
634,,Applied Arts and Crafts,,Sikkim,,,2021-2022
635,,Applied Arts and Crafts,,Tamil Nadu,,,2021-2022
636,,Applied Arts and Crafts,,Tamil Nadu,,,2021-2022
637,SRI VENKATESHWARA COLLEGE OF FINE ARTS,Applied Arts and Crafts,Private-Self Financing,Telangana,RANGAREDDI,"86, HITECH CITY ROAD, MADHAPUR, HYDERABAD",2021-2022
638,AURORA'S FILM AND TELEVISION INSTITUTE,Applied Arts and Crafts,Private-Self Financing,Telangana,HYDERABAD,"CHIKKADPALLY, HYDERABAD",2021-2022
639,AURORA'S SCHOOL OF FASHION DESIGN,Applied Arts and Crafts,Private-Self Financing,Telangana,HYDERABAD,"NAMPALLY, HYDERABAD",2021-2022
640,AURORA'S SCHOOL OF ART AND DESIGN,Applied Arts and Crafts,Private-Self Financing,Telangana,HYDERABAD,"BANDLAGUDA, HYDERABAD",2021-2022
641,,Applied Arts and Crafts,,Telangana,,,2021-2022
642,,Applied Arts and Crafts,,Tripura,,,2021-2022
643,,Applied Arts and Crafts,,Tripura,,,2021-2022
644,AXIS INSTITUTE OF FASHION TECHNOLOGY,Applied Arts and Crafts,Private-Self Financing,Uttar Pradesh,KANPUR NAGAR,VILL-HATHIPUR TEHSIL KANPUR SADAR,2021-2022
645,VIDYA INSTITUTE OF FASHION TECHNOLOGY,Applied Arts and Crafts,Private-Self Financing,Uttar Pradesh,MEERUT,"VIDYA KNOWLEDGE PARK BAGHPAT ROAD MEERUT ,UTTAR PRADESH-250005",2021-2022
646,KANPUR INSTITUTE OF TECHNOLOGY,Applied Arts and Crafts,Private-Self Financing,Uttar Pradesh,KANPUR NAGAR,A-1 UPSIDC INDUSTRIAL AREA ROOMA,2021-2022
647,AXIS INSTITUTE OF FASHION TECHNOLOGY,Applied Arts and Crafts,Private-Self Financing,Uttar Pradesh,KANPUR NAGAR,VILL-HATHIPUR TEHSIL KANPUR SADAR,2021-2022
648,,Applied Arts and Crafts,,Uttarakhand,,,2021-2022
649,,Applied Arts and Crafts,,Uttarakhand,,,2021-2022
650,,Applied Arts and Crafts,,West Bengal,,,2021-2022
651,,Applied Arts and Crafts,,West Bengal,,,2021-2022
652,,Applied Arts and Crafts,,Andaman and Nicobar Islands,,,2022-2023
653,,Applied Arts and Crafts,,Andaman and Nicobar Islands,,,2022-2023
654,,Applied Arts and Crafts,,Andhra Pradesh,,,2022-2023
655,,Applied Arts and Crafts,,Andhra Pradesh,,,2022-2023
656,,Applied Arts and Crafts,,Arunachal Pradesh,,,2022-2023
657,,Applied Arts and Crafts,,Arunachal Pradesh,,,2022-2023
658,,Applied Arts and Crafts,,Assam,,,2022-2023
659,,Applied Arts and Crafts,,Assam,,,2022-2023
660,,Applied Arts and Crafts,,Bihar,,,2022-2023
661,,Applied Arts and Crafts,,Bihar,,,2022-2023
662,GOVERNMENT COLLEGE OF ART,Applied Arts and Crafts,Government,Chandigarh,CHANDIGARH,SECTOR 10C,2022-2023
663,GOVERNMENT COLLEGE OF ART,Applied Arts and Crafts,Government,Chandigarh,CHANDIGARH,SECTOR 10C,2022-2023
664,,Applied Arts and Crafts,,Chhattisgarh,,,2022-2023
665,,Applied Arts and Crafts,,Chhattisgarh,,,2022-2023
666,,Applied Arts and Crafts,,Dadra and Nagar Haveli,,,2022-2023
667,,Applied Arts and Crafts,,Dadra and Nagar Haveli,,,2022-2023
668,,Applied Arts and Crafts,,Daman and Diu,,,2022-2023
669,,Applied Arts and Crafts,,Daman and Diu,,,2022-2023
670,,Applied Arts and Crafts,,Delhi,,,2022-2023
671,,Applied Arts and Crafts,,Delhi,,,2022-2023
672,GOA COLLEGE OF ART,Applied Arts and Crafts,Government,Goa,NORTH GOA,"ALTINHO, PANAJI - GOA 403 001",2022-2023
673,GOA COLLEGE OF ART,Applied Arts and Crafts,Government,Goa,NORTH GOA,"ALTINHO, PANAJI - GOA 403 001",2022-2023
674,,Applied Arts and Crafts,,Gujarat,,,2022-2023
675,,Applied Arts and Crafts,,Gujarat,,,2022-2023
676,GALAXY GLOBAL EDUCATIONAL TRUST'S GROUP OF INSTITUTIONS,Applied Arts and Crafts,Private-Self Financing,Haryana,AMBALA,"SHAHABAD-SAHA ROAD, NH-73, VILL. DINARPUR, DISTT. AMBALA",2022-2023
677,PANIPAT INSTITUTE OF ENGINEERING & TECHNOLOGY,Applied Arts and Crafts,Private-Self Financing,Haryana,PANIPAT,"70KM MILESTONE, NH-1, VILLAGE PATTIKALYANA, SAMALKHA",2022-2023
678,,Applied Arts and Crafts,,Haryana,,,2022-2023
679,,Applied Arts and Crafts,,Himachal Pradesh,,,2022-2023
680,,Applied Arts and Crafts,,Himachal Pradesh,,,2022-2023
681,,Applied Arts and Crafts,,Jammu and Kashmir,,,2022-2023
682,,Applied Arts and Crafts,,Jammu and Kashmir,,,2022-2023
683,,Applied Arts and Crafts,,Jharkhand,,,2022-2023
684,,Applied Arts and Crafts,,Jharkhand,,,2022-2023
685,MANIPAL ACADEMY OF HIGHER EDUCATION (OFF-CAMPUS CENTRE AT BENGALURU),Applied Arts and Crafts,Deemed to be University(Pvt),Karnataka,UDUPI,"MANIPAL ACADEMY OF HIGHER EDUCATION, (OFF-CAMPUS CENTRE AT BENGALURU), ADDRESS: GOVINDPURA VILLAGE, BSF CAMPUS, YELAHANKA, BENGALURU NORTH-560064, KARNATAKA",2022-2023
686,,Applied Arts and Crafts,,Karnataka,,,2022-2023
687,COLLEGE OF ARCHITECTURE TRIVANDRUM,Applied Arts and Crafts,Private-Self Financing,Kerala,THIRUVANANTHAPURAM,"THINAVILA,MULAYARA-P.O.,VIA-VELLANAD",2022-2023
688,,Applied Arts and Crafts,,Kerala,,,2022-2023
689,,Applied Arts and Crafts,,Madhya Pradesh,,,2022-2023
690,,Applied Arts and Crafts,,Madhya Pradesh,,,2022-2023
691,"B. S. BANDEKAR COLLEGE OF FINE ART,( APPLIED ART).",Applied Arts and Crafts,Private-Self Financing,Maharashtra,SINDHUDURG,"SURVE NO.54/01, NEAR FOREST BHAVAN,SALAIWADA,AT/PO.SAWANTWADI,DIST:-SINDHUDURGA.416510",2022-2023
692,RACHANA SANSAD COLLEGE OF APPLIED ART & CRAFT,Applied Arts and Crafts,Private-Self Financing,Maharashtra,MUMBAI CITY,"5TH FLOOR, 278, SHANKAR GHANEKAR MARG, PRABHADEVI, MUMBAI-400025 STATE-MAHARASHTRA (INDIA)",2022-2023
693,SIR J. J. SCHOOL OF ART,Applied Arts and Crafts,Government,Maharashtra,MUMBAI CITY,"78, DR. D. N. ROAD, FORT, MUMBAI 01.",2022-2023
694,VIVA INSTITUTE OF APPLIED ART,Applied Arts and Crafts,Private-Self Financing,Maharashtra,THANE,"AT:-SHIRGAON, POST:- VIRAR (E)",2022-2023
695,VASANTDADA PATIL PRATISHTHAN'S COLLEGE OF ENGINEERING AND VISUAL ARTS,Applied Arts and Crafts,Private-Self Financing,Maharashtra,MUMBAI CITY,"VASANTDADA PATIL EDUCATIONAL COMPLEX, EASTERN EXPRESS HIGHWAY, NEAR PRIYADARSHINI BUILDING, SION-CHUNABHATTI, MUMBAI - 400 022",2022-2023
696,SIR J. J. INSTITUTE OF APPLIED ART,Applied Arts and Crafts,Government,Maharashtra,MUMBAI CITY,"DR. D. N. ROAD, FORT",2022-2023
697,BHARATI VIDYAPEETHS COLLEGE OF FINE ARTS,Applied Arts and Crafts,Private-Self Financing,Maharashtra,PUNE,"BHARATI VIDYAPEETH EDUCATIONAL CAMPUS, PUNE-SATARA ROAD, PUNE 411043",2022-2023
698,GOVERNMENT COLLEGE OF ART AND DESIGN AURANGABAD,Applied Arts and Crafts,Government,Maharashtra,AURANGABAD,"KIL E ARK, ZANANA MAHAL, AURANGABAD.",2022-2023
699,PAD.DR.D.Y.PATIL COLLEGE OF APPLIED ARTS & CRAFTS,Applied Arts and Crafts,Private-Self Financing,Maharashtra,PUNE,"SECTOR NO. 29, NIGDI-PRADHIKRAN, AKURDI, PUNE -44",2022-2023
700,FTII,Applied Arts and Crafts,Government,Maharashtra,PUNE,"LAW COLLEGE ROAD, NEAR NAL STOP, PUNE,",2022-2023
701,SIR J. J. SCHOOL OF ART,Applied Arts and Crafts,Government,Maharashtra,MUMBAI CITY,"78, DR. D. N. ROAD, FORT, MUMBAI 01.",2022-2023
702,GOVERNMENT COLLEGE OF ART AND DESIGN AURANGABAD,Applied Arts and Crafts,Government,Maharashtra,AURANGABAD,"KIL E ARK, ZANANA MAHAL, AURANGABAD.",2022-2023
703,,Applied Arts and Crafts,,Manipur,,,2022-2023
704,,Applied Arts and Crafts,,Manipur,,,2022-2023
705,,Applied Arts and Crafts,,Meghalaya,,,2022-2023
706,,Applied Arts and Crafts,,Meghalaya,,,2022-2023
707,,Applied Arts and Crafts,,Mizoram,,,2022-2023
708,,Applied Arts and Crafts,,Mizoram,,,2022-2023
709,,Applied Arts and Crafts,,Nagaland,,,2022-2023
710,,Applied Arts and Crafts,,Nagaland,,,2022-2023
711,BIJU PATTANAIK FILM & TELEVISION INSTITUTE OF ORISSA,Applied Arts and Crafts,Government,Odisha,CUTTACK,"MEDICAL ROAD BOSE CAMPUS, CUTTACK ORISSA-753007",2022-2023
712,,Applied Arts and Crafts,,Odisha,,,2022-2023
713,,Applied Arts and Crafts,,Orissa,,,2022-2023
714,,Applied Arts and Crafts,,Orissa,,,2022-2023
715,BHARATHIAR PALKALAI KOODAM,Applied Arts and Crafts,Government,Puducherry,PUDUCHERRY,"CUDDALORE MAIN ROAD, ARIYANKUPPAM",2022-2023
716,,Applied Arts and Crafts,,Puducherry,,,2022-2023
717,,Applied Arts and Crafts,,Punjab,,,2022-2023
718,,Applied Arts and Crafts,,Punjab,,,2022-2023
719,MANIPAL UNIVERSITY JAIPUR,Applied Arts and Crafts,Private-Self Financing,Rajasthan,JAIPUR,"DEHMI KALAN , JAIPUR AJMER EXPRESSWAY, JAIPUR 303007",2022-2023
720,MANIPAL UNIVERSITY JAIPUR,Applied Arts and Crafts,Private-Self Financing,Rajasthan,JAIPUR,"DEHMI KALAN , JAIPUR AJMER EXPRESSWAY, JAIPUR 303007",2022-2023
721,,Applied Arts and Crafts,,Sikkim,,,2022-2023
722,,Applied Arts and Crafts,,Sikkim,,,2022-2023
723,,Applied Arts and Crafts,,Tamil Nadu,,,2022-2023
724,,Applied Arts and Crafts,,Tamil Nadu,,,2022-2023
725,SRI VENKATESHWARA COLLEGE OF FINE ARTS,Applied Arts and Crafts,Private-Self Financing,Telangana,RANGAREDDI,"86, HITECH CITY ROAD, MADHAPUR, HYDERABAD",2022-2023
726,AURORA'S FILM AND TELEVISION INSTITUTE,Applied Arts and Crafts,Private-Self Financing,Telangana,HYDERABAD,"CHIKKADPALLY, HYDERABAD",2022-2023
727,AURORA'S SCHOOL OF ART AND DESIGN,Applied Arts and Crafts,Private-Self Financing,Telangana,HYDERABAD,"BANDLAGUDA, HYDERABAD",2022-2023
728,AURORA'S SCHOOL OF FASHION DESIGN,Applied Arts and Crafts,Private-Self Financing,Telangana,HYDERABAD,"NAMPALLY, HYDERABAD",2022-2023
729,,Applied Arts and Crafts,,Telangana,,,2022-2023
730,,Applied Arts and Crafts,,Tripura,,,2022-2023
731,,Applied Arts and Crafts,,Tripura,,,2022-2023
732,AXIS INSTITUTE OF FASHION TECHNOLOGY,Applied Arts and Crafts,Private-Self Financing,Uttar Pradesh,KANPUR NAGAR,VILL-HATHIPUR TEHSIL KANPUR SADAR,2022-2023
733,KANPUR INSTITUTE OF TECHNOLOGY,Applied Arts and Crafts,Private-Self Financing,Uttar Pradesh,KANPUR NAGAR,A-1 UPSIDC INDUSTRIAL AREA ROOMA,2022-2023
734,VIDYA INSTITUTE OF FASHION TECHNOLOGY,Applied Arts and Crafts,Private-Self Financing,Uttar Pradesh,MEERUT,"VIDYA KNOWLEDGE PARK BAGHPAT ROAD MEERUT ,UTTAR PRADESH-250005",2022-2023
735,SAROJ INSTITUTE OF FILM AND FASHION,Applied Arts and Crafts,Private-Self Financing,Uttar Pradesh,LUCKNOW,"AHIMAMAU, SULTANPUR ROAD, LUCKNOW",2022-2023
736,AXIS INSTITUTE OF FASHION TECHNOLOGY,Applied Arts and Crafts,Private-Self Financing,Uttar Pradesh,KANPUR NAGAR,VILL-HATHIPUR TEHSIL KANPUR SADAR,2022-2023
737,,Applied Arts and Crafts,,Uttarakhand,,,2022-2023
738,,Applied Arts and Crafts,,Uttarakhand,,,2022-2023
739,,Applied Arts and Crafts,,West Bengal,,,2022-2023
740,,Applied Arts and Crafts,,West Bengal,,,2022-2023
741,,Applied Arts and Crafts,,Andaman and Nicobar Islands,,,2023-2024
742,,Applied Arts and Crafts,,Andaman and Nicobar Islands,,,2023-2024
743,DR YSR ARCHITECTURE AND FINE ARTS UNIVERSITY,Applied Arts and Crafts,State Government University,Andhra Pradesh,YSR DISTRICT,"GLOBAL ENGINEERING COLLEGE ROAD SATILLITE CITY,RAYALAPANTHULAPALLE VILLAGE NEAR KADAPA AIRPORT",2023-2024
744,,Applied Arts and Crafts,,Andhra Pradesh,,,2023-2024
745,,Applied Arts and Crafts,,Arunachal Pradesh,,,2023-2024
746,,Applied Arts and Crafts,,Arunachal Pradesh,,,2023-2024
747,,Applied Arts and Crafts,,Assam,,,2023-2024
748,,Applied Arts and Crafts,,Assam,,,2023-2024
749,,Applied Arts and Crafts,,Bihar,,,2023-2024
750,,Applied Arts and Crafts,,Bihar,,,2023-2024
751,GOVERNMENT COLLEGE OF ART,Applied Arts and Crafts,Government,Chandigarh,CHANDIGARH,SECTOR 10C,2023-2024
752,GOVERNMENT COLLEGE OF ART,Applied Arts and Crafts,Government,Chandigarh,CHANDIGARH,SECTOR 10C,2023-2024
753,,Applied Arts and Crafts,,Chhattisgarh,,,2023-2024
754,,Applied Arts and Crafts,,Chhattisgarh,,,2023-2024
755,,Applied Arts and Crafts,,Dadra and Nagar Haveli,,,2023-2024
756,,Applied Arts and Crafts,,Dadra and Nagar Haveli,,,2023-2024
757,,Applied Arts and Crafts,,Daman and Diu,,,2023-2024
758,,Applied Arts and Crafts,,Daman and Diu,,,2023-2024
759,COLLEGE OF ART,Applied Arts and Crafts,Government,Delhi,EAST DELHI,20-22 TILAK MARG,2023-2024
760,,Applied Arts and Crafts,,Delhi,,,2023-2024
761,GOA COLLEGE OF ART,Applied Arts and Crafts,Government,Goa,NORTH GOA,"ALTINHO, PANAJI - GOA 403 001",2023-2024
762,GOA COLLEGE OF ART,Applied Arts and Crafts,Government,Goa,NORTH GOA,"ALTINHO, PANAJI - GOA 403 001",2023-2024
763,,Applied Arts and Crafts,,Gujarat,,,2023-2024
764,,Applied Arts and Crafts,,Gujarat,,,2023-2024
765,GALAXY GLOBAL EDUCATIONAL TRUST'S GROUP OF INSTITUTIONS,Applied Arts and Crafts,Private-Self Financing,Haryana,AMBALA,"SHAHABAD-SAHA ROAD, NH-73, VILL. DINARPUR, DISTT. AMBALA",2023-2024
766,,Applied Arts and Crafts,,Haryana,,,2023-2024
767,,Applied Arts and Crafts,,Himachal Pradesh,,,2023-2024
768,,Applied Arts and Crafts,,Himachal Pradesh,,,2023-2024
769,,Applied Arts and Crafts,,Jammu and Kashmir,,,2023-2024
770,,Applied Arts and Crafts,,Jammu and Kashmir,,,2023-2024
771,,Applied Arts and Crafts,,Jharkhand,,,2023-2024
772,,Applied Arts and Crafts,,Jharkhand,,,2023-2024
773,MANIPAL ACADEMY OF HIGHER EDUCATION (OFF-CAMPUS CENTRE AT BENGALURU),Applied Arts and Crafts,Deemed to be University(Pvt),Karnataka,UDUPI,"MANIPAL ACADEMY OF HIGHER EDUCATION, (OFF-CAMPUS CENTRE AT BENGALURU), ADDRESS: GOVINDPURA VILLAGE, BSF CAMPUS, YELAHANKA, BENGALURU NORTH-560064, KARNATAKA",2023-2024
774,,Applied Arts and Crafts,,Karnataka,,,2023-2024
775,COLLEGE OF ARCHITECTURE TRIVANDRUM,Applied Arts and Crafts,Private-Self Financing,Kerala,THIRUVANANTHAPURAM,"THINAVILA,MULAYARA-P.O.,VIA-VELLANAD",2023-2024
776,,Applied Arts and Crafts,,Kerala,,,2023-2024
777,,Applied Arts and Crafts,,Madhya Pradesh,,,2023-2024
778,,Applied Arts and Crafts,,Madhya Pradesh,,,2023-2024
779,"B. S. BANDEKAR COLLEGE OF FINE ART,( APPLIED ART).",Applied Arts and Crafts,Private-Self Financing,Maharashtra,SINDHUDURG,"SURVE NO.54/01, NEAR FOREST BHAVAN,SALAIWADA,AT/PO.SAWANTWADI,DIST:-SINDHUDURGA.416510",2023-2024
780,DR D Y PATIL VIDYAPEETH PUNE,Applied Arts and Crafts,Deemed to be University(Pvt),Maharashtra,PUNE,"SANT TUKARAM NAGAR, PIMPRI",2023-2024
781,SANJEEVAN ENGINEERING & TECHNOLOGY INSTITUTE,Applied Arts and Crafts,Private-Self Financing,Maharashtra,KOLHAPUR,"SANJEEVAN KNOWLEDGE CITY, SOMWAR PETH, TAL. PANHALA, DIST. KOLHAPUR. PIN 416201",2023-2024
782,RACHANA SANSAD COLLEGE OF APPLIED ART & CRAFT,Applied Arts and Crafts,Private-Self Financing,Maharashtra,MUMBAI CITY,"5TH FLOOR, 278, SHANKAR GHANEKAR MARG, PRABHADEVI, MUMBAI-400025 STATE-MAHARASHTRA (INDIA)",2023-2024
783,SIR J. J. SCHOOL OF ART,Applied Arts and Crafts,Government,Maharashtra,MUMBAI CITY,"78, DR. D. N. ROAD, FORT, MUMBAI 01.",2023-2024
784,VIVA INSTITUTE OF APPLIED ART,Applied Arts and Crafts,Private-Self Financing,Maharashtra,THANE,"AT:-SHIRGAON, POST:- VIRAR (E)",2023-2024
785,VASANTDADA PATIL PRATISHTHAN'S COLLEGE OF ENGINEERING AND VISUAL ARTS,Applied Arts and Crafts,Private-Self Financing,Maharashtra,MUMBAI CITY,"VASANTDADA PATIL EDUCATIONAL COMPLEX, EASTERN EXPRESS HIGHWAY, NEAR PRIYADARSHINI BUILDING, SION-CHUNABHATTI, MUMBAI - 400 022",2023-2024
786,SIR J. J. INSTITUTE OF APPLIED ART,Applied Arts and Crafts,Government,Maharashtra,MUMBAI CITY,"DR. D. N. ROAD, FORT",2023-2024
787,BHARATI VIDYAPEETHS COLLEGE OF FINE ARTS,Applied Arts and Crafts,Private-Self Financing,Maharashtra,PUNE,"BHARATI VIDYAPEETH EDUCATIONAL CAMPUS, PUNE-SATARA ROAD, PUNE 411043",2023-2024
788,GOVERNMENT COLLEGE OF ART AND DESIGN AURANGABAD,Applied Arts and Crafts,Government,Maharashtra,AURANGABAD,"KIL E ARK, ZANANA MAHAL, AURANGABAD.",2023-2024
789,ADITYA COLLEGE OF ARCHITECTURE,Applied Arts and Crafts,Private-Self Financing,Maharashtra,MUMBAI SUBURBAN,ADITYA EDUCATIONAL CAMPUS R M BHATTAD MARG RAM NAGAR KALPANA CHAWLA CHOWK BORIVALI WEST,2023-2024
790,FTII,Applied Arts and Crafts,Government,Maharashtra,PUNE,"LAW COLLEGE ROAD, NEAR NAL STOP, PUNE,",2023-2024
791,SIR J. J. SCHOOL OF ART,Applied Arts and Crafts,Government,Maharashtra,MUMBAI CITY,"78, DR. D. N. ROAD, FORT, MUMBAI 01.",2023-2024
792,GOVERNMENT COLLEGE OF ART AND DESIGN AURANGABAD,Applied Arts and Crafts,Government,Maharashtra,AURANGABAD,"KIL E ARK, ZANANA MAHAL, AURANGABAD.",2023-2024
793,,Applied Arts and Crafts,,Manipur,,,2023-2024
794,,Applied Arts and Crafts,,Manipur,,,2023-2024
795,,Applied Arts and Crafts,,Meghalaya,,,2023-2024
796,,Applied Arts and Crafts,,Meghalaya,,,2023-2024
797,,Applied Arts and Crafts,,Mizoram,,,2023-2024
798,,Applied Arts and Crafts,,Mizoram,,,2023-2024
799,,Applied Arts and Crafts,,Nagaland,,,2023-2024
800,,Applied Arts and Crafts,,Nagaland,,,2023-2024
801,BIJU PATTANAIK FILM & TELEVISION INSTITUTE OF ORISSA,Applied Arts and Crafts,Government,Odisha,CUTTACK,"MEDICAL ROAD BOSE CAMPUS, CUTTACK ORISSA-753007",2023-2024
802,,Applied Arts and Crafts,,Odisha,,,2023-2024
803,,Applied Arts and Crafts,,Orissa,,,2023-2024
804,,Applied Arts and Crafts,,Orissa,,,2023-2024
805,BHARATHIAR PALKALAI KOODAM,Applied Arts and Crafts,Government,Puducherry,PUDUCHERRY,"CUDDALORE MAIN ROAD, ARIYANKUPPAM",2023-2024
806,,Applied Arts and Crafts,,Puducherry,,,2023-2024
807,,Applied Arts and Crafts,,Punjab,,,2023-2024
808,,Applied Arts and Crafts,,Punjab,,,2023-2024
809,"GOVT. WOMEN POLYTECHNIC COLLEGE, SANGANER(JAIPUR)",Applied Arts and Crafts,Government,Rajasthan,JAIPUR,"SECTOR 8, HALDIGHATI MARG, PRATAP NAGAR ,SANGANER,JAIPUR",2023-2024
810,"GOVRNMENT RESIDENTIAL WOMEN POLYTECHNIC COLLEGE, JODHPUR",Applied Arts and Crafts,Government,Rajasthan,JODHPUR,"GAURAV PATH (RESIDENCY ROAD), JODHPUR",2023-2024
811,"GOVT. WOMEN POLYTECHNIC COLLEGE, AJMER",Applied Arts and Crafts,Government,Rajasthan,AJMER,NASIRABAD ROAD MAKHUPURA,2023-2024
812,"GOVERNMENT WOMEN POLYTECHNIC COLLEGE, JAIPUR",Applied Arts and Crafts,Government,Rajasthan,JAIPUR,"MAHATMA GANDHI MARG, GANDHI NAGAR",2023-2024
813,MANIPAL UNIVERSITY JAIPUR,Applied Arts and Crafts,State Private University,Rajasthan,JAIPUR,"DEHMI KALAN , JAIPUR AJMER EXPRESSWAY, JAIPUR 303007",2023-2024
814,MANIPAL UNIVERSITY JAIPUR,Applied Arts and Crafts,State Private University,Rajasthan,JAIPUR,"DEHMI KALAN , JAIPUR AJMER EXPRESSWAY, JAIPUR 303007",2023-2024
815,,Applied Arts and Crafts,,Sikkim,,,2023-2024
816,,Applied Arts and Crafts,,Sikkim,,,2023-2024
817,HINDUSTAN INSTITUTE OF TECHNOLOGY AND SCIENCE,Applied Arts and Crafts,Deemed to be University(Pvt),Tamil Nadu,KANCHIPURAM,"NO.1, RAJIV GANDHI SALAI(OMR), PADUR(VIA) KELAMBAKKAM, CHENNAI 603103",2023-2024
818,HINDUSTAN INSTITUTE OF TECHNOLOGY AND SCIENCE,Applied Arts and Crafts,Deemed to be University(Pvt),Tamil Nadu,KANCHIPURAM,"NO.1, RAJIV GANDHI SALAI(OMR), PADUR(VIA) KELAMBAKKAM, CHENNAI 603103",2023-2024
819,SRI VENKATESHWARA COLLEGE OF FINE ARTS,Applied Arts and Crafts,Private-Self Financing,Telangana,RANGAREDDI,"86, HITECH CITY ROAD, MADHAPUR, HYDERABAD",2023-2024
820,AURORA'S FILM AND TELEVISION INSTITUTE,Applied Arts and Crafts,Private-Self Financing,Telangana,HYDERABAD,"CHIKKADPALLY, HYDERABAD",2023-2024
821,AURORA'S SCHOOL OF FASHION DESIGN,Applied Arts and Crafts,Private-Self Financing,Telangana,HYDERABAD,"NAMPALLY, HYDERABAD",2023-2024
822,AURORA HIGHER EDUCATION AND RESEARCH ACADEMY (DEEMED-TO-BE-UNIVERSITY) BHONGIR CAMPUS,Applied Arts and Crafts,Deemed to be University(Pvt),Telangana,NALGONDA,"4-3-596, TILAK ROAD, ABIDS, HYDERABAD, 500001",2023-2024
823,AURORA'S SCHOOL OF ART AND DESIGN,Applied Arts and Crafts,Private-Self Financing,Telangana,HYDERABAD,"BANDLAGUDA, HYDERABAD",2023-2024
824,AURORAS TECHNOLOGICAL INSTITUTE BEGUMPET HYDERABAD,Applied Arts and Crafts,Private-Self Financing,Telangana,HYDERABAD,"1-11-256, MOTHILAL NEHRU NAGAR, BEGUMPET, HYDERABAD",2023-2024
825,,Applied Arts and Crafts,,Telangana,,,2023-2024
826,,Applied Arts and Crafts,,Tripura,,,2023-2024
827,,Applied Arts and Crafts,,Tripura,,,2023-2024
828,AXIS INSTITUTE OF FASHION TECHNOLOGY,Applied Arts and Crafts,Private-Self Financing,Uttar Pradesh,KANPUR NAGAR,VILL-HATHIPUR TEHSIL KANPUR SADAR,2023-2024
829,VIDYA INSTITUTE OF FASHION TECHNOLOGY,Applied Arts and Crafts,Private-Self Financing,Uttar Pradesh,MEERUT,"VIDYA KNOWLEDGE PARK BAGHPAT ROAD MEERUT ,UTTAR PRADESH-250005",2023-2024
830,SAROJ INSTITUTE OF FILM AND FASHION,Applied Arts and Crafts,Private-Self Financing,Uttar Pradesh,LUCKNOW,"AHIMAMAU, SULTANPUR ROAD, LUCKNOW",2023-2024
831,AXIS INSTITUTE OF FASHION TECHNOLOGY,Applied Arts and Crafts,Private-Self Financing,Uttar Pradesh,KANPUR NAGAR,VILL-HATHIPUR TEHSIL KANPUR SADAR,2023-2024
832,,Applied Arts and Crafts,,Uttarakhand,,,2023-2024
833,,Applied Arts and Crafts,,Uttarakhand,,,2023-2024
834,,Applied Arts and Crafts,,West Bengal,,,2023-2024
835,,Applied Arts and Crafts,,West Bengal,,,2023-2024
836,,Applied Arts and Crafts,,Andaman and Nicobar Islands,,,2024-2025
837,,Applied Arts and Crafts,,Andaman and Nicobar Islands,,,2024-2025
838,DR YSR ARCHITECTURE AND FINE ARTS UNIVERSITY,Applied Arts and Crafts,State Government University,Andhra Pradesh,YSR DISTRICT,"GLOBAL ENGINEERING COLLEGE ROAD SATILLITE CITY,RAYALAPANTHULAPALLE VILLAGE NEAR KADAPA AIRPORT",2024-2025
839,,Applied Arts and Crafts,,Andhra Pradesh,,,2024-2025
840,,Applied Arts and Crafts,,Arunachal Pradesh,,,2024-2025
841,,Applied Arts and Crafts,,Arunachal Pradesh,,,2024-2025
842,,Applied Arts and Crafts,,Assam,,,2024-2025
843,,Applied Arts and Crafts,,Assam,,,2024-2025
844,,Applied Arts and Crafts,,Bihar,,,2024-2025
845,,Applied Arts and Crafts,,Bihar,,,2024-2025
846,GOVERNMENT COLLEGE OF ART,Applied Arts and Crafts,Government,Chandigarh,CHANDIGARH,SECTOR 10C,2024-2025
847,GOVERNMENT COLLEGE OF ART,Applied Arts and Crafts,Government,Chandigarh,CHANDIGARH,SECTOR 10C,2024-2025
848,,Applied Arts and Crafts,,Chhattisgarh,,,2024-2025
849,,Applied Arts and Crafts,,Chhattisgarh,,,2024-2025
850,,Applied Arts and Crafts,,Dadra and Nagar Haveli,,,2024-2025
851,,Applied Arts and Crafts,,Dadra and Nagar Haveli,,,2024-2025
852,,Applied Arts and Crafts,,Daman and Diu,,,2024-2025
853,,Applied Arts and Crafts,,Daman and Diu,,,2024-2025
854,,Applied Arts and Crafts,,Delhi,,,2024-2025
855,,Applied Arts and Crafts,,Delhi,,,2024-2025
856,GOA COLLEGE OF ART,Applied Arts and Crafts,Government,Goa,NORTH GOA,"ALTINHO, PANAJI - GOA 403 001",2024-2025
857,GOA COLLEGE OF ART,Applied Arts and Crafts,Government,Goa,NORTH GOA,"ALTINHO, PANAJI - GOA 403 001",2024-2025
858,,Applied Arts and Crafts,,Gujarat,,,2024-2025
859,,Applied Arts and Crafts,,Gujarat,,,2024-2025
860,GALAXY GLOBAL EDUCATIONAL TRUST'S GROUP OF INSTITUTIONS,Applied Arts and Crafts,Private-Self Financing,Haryana,AMBALA,"SHAHABAD-SAHA ROAD, NH-73, VILL. DINARPUR, DISTT. AMBALA",2024-2025
861,,Applied Arts and Crafts,,Haryana,,,2024-2025
862,,Applied Arts and Crafts,,Himachal Pradesh,,,2024-2025
863,,Applied Arts and Crafts,,Himachal Pradesh,,,2024-2025
864,,Applied Arts and Crafts,,Jammu and Kashmir,,,2024-2025
865,,Applied Arts and Crafts,,Jammu and Kashmir,,,2024-2025
866,,Applied Arts and Crafts,,Jharkhand,,,2024-2025
867,,Applied Arts and Crafts,,Jharkhand,,,2024-2025
868,MANIPAL ACADEMY OF HIGHER EDUCATION (OFF-CAMPUS CENTRE AT BENGALURU),Applied Arts and Crafts,Deemed to be University(Pvt),Karnataka,UDUPI,"MANIPAL ACADEMY OF HIGHER EDUCATION, (OFF-CAMPUS CENTRE AT BENGALURU), ADDRESS: GOVINDPURA VILLAGE, BSF CAMPUS, YELAHANKA, BENGALURU NORTH-560064, KARNATAKA",2024-2025
869,,Applied Arts and Crafts,,Karnataka,,,2024-2025
870,COLLEGE OF ARCHITECTURE TRIVANDRUM,Applied Arts and Crafts,Private-Self Financing,Kerala,THIRUVANANTHAPURAM,"THINAVILA,MULAYARA-P.O.,VIA-VELLANAD",2024-2025
871,SAINTGITS COLLEGE OF APPLIED SCIENCES,Applied Arts and Crafts,Private-Self Financing,Kerala,KOTTAYAM,"KOTTUKULAM HILLS, PATHAMUTTOM P.O, KOTTAYAM, 686532",2024-2025
872,,Applied Arts and Crafts,,Kerala,,,2024-2025
873,,Applied Arts and Crafts,,Madhya Pradesh,,,2024-2025
874,,Applied Arts and Crafts,,Madhya Pradesh,,,2024-2025
875,SIR J. J. SCHOOL OF ART,Applied Arts and Crafts,Government,Maharashtra,MUMBAI CITY,"78, DR. D. N. ROAD, FORT, MUMBAI 01.",2024-2025
876,BHARATI VIDYAPEETHS COLLEGE OF FINE ARTS,Applied Arts and Crafts,Private-Self Financing,Maharashtra,PUNE,"BHARATI VIDYAPEETH EDUCATIONAL CAMPUS, PUNE-SATARA ROAD, PUNE 411043",2024-2025
877,"B. S. BANDEKAR COLLEGE OF FINE ART,( APPLIED ART).",Applied Arts and Crafts,Private-Self Financing,Maharashtra,SINDHUDURG,"SURVE NO.54/01, NEAR FOREST BHAVAN,SALAIWADA,AT/PO.SAWANTWADI,DIST:-SINDHUDURGA.416510",2024-2025
878,SANJEEVAN GROUP OF INSTITUTIONS,Applied Arts and Crafts,Private-Self Financing,Maharashtra,KOLHAPUR,"SANJEEVAN KNOWLEDGE CITY, SOMWAR PETH, TAL. PANHALA, DIST. KOLHAPUR. PIN 416201",2024-2025
879,VIVA INSTITUTE OF APPLIED ART,Applied Arts and Crafts,Private-Self Financing,Maharashtra,THANE,"AT:-SHIRGAON, POST:- VIRAR (E)",2024-2025
880,VASANTDADA PATIL PRATISHTHAN'S COLLEGE OF ENGINEERING AND VISUAL ARTS,Applied Arts and Crafts,Private-Self Financing,Maharashtra,MUMBAI CITY,"VASANTDADA PATIL EDUCATIONAL COMPLEX, EASTERN EXPRESS HIGHWAY, NEAR PRIYADARSHINI BUILDING, SION-CHUNABHATTI, MUMBAI - 400 022",2024-2025
881,ADITYA COLLEGE OF ARCHITECTURE,Applied Arts and Crafts,Private-Self Financing,Maharashtra,MUMBAI SUBURBAN,ADITYA EDUCATIONAL CAMPUS R M BHATTAD MARG RAM NAGAR KALPANA CHAWLA CHOWK BORIVALI WEST,2024-2025
882,RACHANA SANSAD COLLEGE OF APPLIED ART & CRAFT,Applied Arts and Crafts,Private-Self Financing,Maharashtra,MUMBAI CITY,"5TH FLOOR, 278, SHANKAR GHANEKAR MARG, PRABHADEVI, MUMBAI-400025 STATE-MAHARASHTRA (INDIA)",2024-2025
883,SIR J. J. INSTITUTE OF APPLIED ART,Applied Arts and Crafts,Government,Maharashtra,MUMBAI CITY,"DR. D. N. ROAD, FORT",2024-2025
884,GOVERNMENT COLLEGE OF ART AND DESIGN AURANGABAD,Applied Arts and Crafts,Government,Maharashtra,AURANGABAD,"KIL E ARK, ZANANA MAHAL, AURANGABAD.",2024-2025
885,SIR J. J. SCHOOL OF ART,Applied Arts and Crafts,Government,Maharashtra,MUMBAI CITY,"78, DR. D. N. ROAD, FORT, MUMBAI 01.",2024-2025
886,FTII,Applied Arts and Crafts,Government,Maharashtra,PUNE,"LAW COLLEGE ROAD, NEAR NAL STOP, PUNE,",2024-2025
887,GOVERNMENT COLLEGE OF ART AND DESIGN AURANGABAD,Applied Arts and Crafts,Government,Maharashtra,AURANGABAD,"KIL E ARK, ZANANA MAHAL, AURANGABAD.",2024-2025
888,,Applied Arts and Crafts,,Manipur,,,2024-2025
889,,Applied Arts and Crafts,,Manipur,,,2024-2025
890,,Applied Arts and Crafts,,Meghalaya,,,2024-2025
891,,Applied Arts and Crafts,,Meghalaya,,,2024-2025
892,,Applied Arts and Crafts,,Mizoram,,,2024-2025
893,,Applied Arts and Crafts,,Mizoram,,,2024-2025
894,,Applied Arts and Crafts,,Nagaland,,,2024-2025
895,,Applied Arts and Crafts,,Nagaland,,,2024-2025
896,BIJU PATTANAIK FILM & TELEVISION INSTITUTE OF ORISSA,Applied Arts and Crafts,Government,Odisha,CUTTACK,"MEDICAL ROAD BOSE CAMPUS, CUTTACK ORISSA-753007",2024-2025
897,,Applied Arts and Crafts,,Odisha,,,2024-2025
898,,Applied Arts and Crafts,,Orissa,,,2024-2025
899,,Applied Arts and Crafts,,Orissa,,,2024-2025
900,BHARATHIAR PALKALAI KOODAM,Applied Arts and Crafts,Government,Puducherry,PUDUCHERRY,"CUDDALORE MAIN ROAD, ARIYANKUPPAM",2024-2025
901,,Applied Arts and Crafts,,Puducherry,,,2024-2025
902,,Applied Arts and Crafts,,Punjab,,,2024-2025
903,,Applied Arts and Crafts,,Punjab,,,2024-2025
904,"GOVT. WOMEN POLYTECHNIC COLLEGE, AJMER",Applied Arts and Crafts,Government,Rajasthan,AJMER,NASIRABAD ROAD MAKHUPURA,2024-2025
905,"GOVERNMENT WOMEN POLYTECHNIC COLLEGE, JAIPUR",Applied Arts and Crafts,Government,Rajasthan,JAIPUR,"MAHATMA GANDHI MARG, GANDHI NAGAR",2024-2025
906,MANIPAL UNIVERSITY JAIPUR,Applied Arts and Crafts,State Private University,Rajasthan,JAIPUR,"DEHMI KALAN , JAIPUR AJMER EXPRESSWAY, JAIPUR 303007",2024-2025
907,"GOVT. WOMEN POLYTECHNIC COLLEGE, SANGANER(JAIPUR)",Applied Arts and Crafts,Government,Rajasthan,JAIPUR,"SECTOR 8, HALDIGHATI MARG, PRATAP NAGAR ,SANGANER,JAIPUR",2024-2025
908,"GOVRNMENT RESIDENTIAL WOMEN POLYTECHNIC COLLEGE, JODHPUR",Applied Arts and Crafts,Government,Rajasthan,JODHPUR,"GAURAV PATH (RESIDENCY ROAD), JODHPUR",2024-2025
909,JODHPUR INSTITUTE OF ENGINEERING & TECHNOLOGY,Applied Arts and Crafts,Private-Self Financing,Rajasthan,JODHPUR,"JIET UNIVERSE, N.H. -65, PALI ROAD, MOGRA, LUNI",2024-2025
910,MANIPAL UNIVERSITY JAIPUR,Applied Arts and Crafts,State Private University,Rajasthan,JAIPUR,"DEHMI KALAN , JAIPUR AJMER EXPRESSWAY, JAIPUR 303007",2024-2025
911,,Applied Arts and Crafts,,Sikkim,,,2024-2025
912,,Applied Arts and Crafts,,Sikkim,,,2024-2025
913,HINDUSTAN INSTITUTE OF TECHNOLOGY AND SCIENCE,Applied Arts and Crafts,Deemed to be University(Pvt),Tamil Nadu,KANCHIPURAM,"NO.1, RAJIV GANDHI SALAI(OMR), PADUR(VIA) KELAMBAKKAM, CHENNAI 603103",2024-2025
914,HINDUSTAN INSTITUTE OF TECHNOLOGY AND SCIENCE,Applied Arts and Crafts,Deemed to be University(Pvt),Tamil Nadu,KANCHIPURAM,"NO.1, RAJIV GANDHI SALAI(OMR), PADUR(VIA) KELAMBAKKAM, CHENNAI 603103",2024-2025
915,SRI VENKATESHWARA COLLEGE OF FINE ARTS,Applied Arts and Crafts,Private-Self Financing,Telangana,RANGAREDDI,"86, HITECH CITY ROAD, MADHAPUR, HYDERABAD",2024-2025
916,AURORA'S FILM AND TELEVISION INSTITUTE,Applied Arts and Crafts,Private-Self Financing,Telangana,HYDERABAD,"CHIKKADPALLY, HYDERABAD",2024-2025
917,AURORA'S SCHOOL OF FASHION DESIGN,Applied Arts and Crafts,Private-Self Financing,Telangana,HYDERABAD,"NAMPALLY, HYDERABAD",2024-2025
918,AURORA HIGHER EDUCATION AND RESEARCH ACADEMY (DEEMED-TO-BE-UNIVERSITY) BHONGIR CAMPUS,Applied Arts and Crafts,Deemed to be University(Pvt),Telangana,NALGONDA,"4-3-596, TILAK ROAD, ABIDS, HYDERABAD, 500001",2024-2025
919,AURORA'S SCHOOL OF ART AND DESIGN,Applied Arts and Crafts,Private-Self Financing,Telangana,HYDERABAD,"BANDLAGUDA, HYDERABAD",2024-2025
920,AURORAS TECHNOLOGICAL INSTITUTE BEGUMPET HYDERABAD,Applied Arts and Crafts,Private-Self Financing,Telangana,HYDERABAD,"1-11-256, MOTHILAL NEHRU NAGAR, BEGUMPET, HYDERABAD",2024-2025
921,,Applied Arts and Crafts,,Telangana,,,2024-2025
922,,Applied Arts and Crafts,,Tripura,,,2024-2025
923,,Applied Arts and Crafts,,Tripura,,,2024-2025
924,VIDYA INSTITUTE OF FASHION TECHNOLOGY,Applied Arts and Crafts,Private-Self Financing,Uttar Pradesh,MEERUT,"VIDYA KNOWLEDGE PARK BAGHPAT ROAD MEERUT ,UTTAR PRADESH-250005",2024-2025
925,AXIS INSTITUTE OF FASHION TECHNOLOGY,Applied Arts and Crafts,Private-Self Financing,Uttar Pradesh,KANPUR NAGAR,VILL-HATHIPUR TEHSIL KANPUR SADAR,2024-2025
926,SAROJ INSTITUTE OF FILM AND FASHION,Applied Arts and Crafts,Private-Self Financing,Uttar Pradesh,LUCKNOW,"AHIMAMAU, SULTANPUR ROAD, LUCKNOW",2024-2025
927,AXIS INSTITUTE OF FASHION TECHNOLOGY,Applied Arts and Crafts,Private-Self Financing,Uttar Pradesh,KANPUR NAGAR,VILL-HATHIPUR TEHSIL KANPUR SADAR,2024-2025
928,,Applied Arts and Crafts,,Uttarakhand,,,2024-2025
929,,Applied Arts and Crafts,,Uttarakhand,,,2024-2025
930,,Applied Arts and Crafts,,West Bengal,,,2024-2025
931,,Applied Arts and Crafts,,West Bengal,,,2024-2025
932,,Applied Arts and Crafts,,Andaman and Nicobar Islands,,,2025-2026
933,,Applied Arts and Crafts,,Andaman and Nicobar Islands,,,2025-2026
934,DR YSR ARCHITECTURE AND FINE ARTS UNIVERSITY,Applied Arts and Crafts,State Government University,Andhra Pradesh,YSR DISTRICT,"GLOBAL ENGINEERING COLLEGE ROAD SATILLITE CITY,RAYALAPANTHULAPALLE VILLAGE NEAR KADAPA AIRPORT",2025-2026
935,,Applied Arts and Crafts,,Andhra Pradesh,,,2025-2026
936,,Applied Arts and Crafts,,Arunachal Pradesh,,,2025-2026
937,,Applied Arts and Crafts,,Arunachal Pradesh,,,2025-2026
938,,Applied Arts and Crafts,,Assam,,,2025-2026
939,,Applied Arts and Crafts,,Assam,,,2025-2026
940,,Applied Arts and Crafts,,Bihar,,,2025-2026
941,,Applied Arts and Crafts,,Bihar,,,2025-2026
942,GOVERNMENT COLLEGE OF ART,Applied Arts and Crafts,Government,Chandigarh,CHANDIGARH,SECTOR 10C,2025-2026
943,GOVERNMENT COLLEGE OF ART,Applied Arts and Crafts,Government,Chandigarh,CHANDIGARH,SECTOR 10C,2025-2026
944,,Applied Arts and Crafts,,Chhattisgarh,,,2025-2026
945,,Applied Arts and Crafts,,Chhattisgarh,,,2025-2026
946,,Applied Arts and Crafts,,Dadra and Nagar Haveli,,,2025-2026
947,,Applied Arts and Crafts,,Dadra and Nagar Haveli,,,2025-2026
948,,Applied Arts and Crafts,,Daman and Diu,,,2025-2026
949,,Applied Arts and Crafts,,Daman and Diu,,,2025-2026
950,,Applied Arts and Crafts,,Delhi,,,2025-2026
951,COLLEGE OF ART,Applied Arts and Crafts,Government,Delhi,EAST DELHI,20-22 TILAK MARG,2025-2026
952,GOA COLLEGE OF ART,Applied Arts and Crafts,Government,Goa,NORTH GOA,"ALTINHO, PANAJI - GOA 403 001",2025-2026
953,GOA COLLEGE OF ART,Applied Arts and Crafts,Government,Goa,NORTH GOA,"ALTINHO, PANAJI - GOA 403 001",2025-2026
954,,Applied Arts and Crafts,,Gujarat,,,2025-2026
955,,Applied Arts and Crafts,,Gujarat,,,2025-2026
956,,Applied Arts and Crafts,,Haryana,,,2025-2026
957,,Applied Arts and Crafts,,Haryana,,,2025-2026
958,,Applied Arts and Crafts,,Himachal Pradesh,,,2025-2026
959,,Applied Arts and Crafts,,Himachal Pradesh,,,2025-2026
960,,Applied Arts and Crafts,,Jammu and Kashmir,,,2025-2026
961,,Applied Arts and Crafts,,Jammu and Kashmir,,,2025-2026
962,,Applied Arts and Crafts,,Jharkhand,,,2025-2026
963,,Applied Arts and Crafts,,Jharkhand,,,2025-2026
964,,Applied Arts and Crafts,,Karnataka,,,2025-2026
965,,Applied Arts and Crafts,,Karnataka,,,2025-2026
966,COLLEGE OF ARCHITECTURE TRIVANDRUM,Applied Arts and Crafts,Private-Self Financing,Kerala,THIRUVANANTHAPURAM,"THINAVILA,MULAYARA-P.O.,VIA-VELLANAD",2025-2026
967,SAINTGITS COLLEGE OF APPLIED SCIENCES,Applied Arts and Crafts,Private-Self Financing,Kerala,KOTTAYAM,"KOTTUKULAM HILLS, PATHAMUTTOM P.O, KOTTAYAM, 686532",2025-2026
968,,Applied Arts and Crafts,,Kerala,,,2025-2026
969,,Applied Arts and Crafts,,Madhya Pradesh,,,2025-2026
970,,Applied Arts and Crafts,,Madhya Pradesh,,,2025-2026
971,SIR J. J. SCHOOL OF ART,Applied Arts and Crafts,Government,Maharashtra,MUMBAI CITY,"78, DR. D. N. ROAD, FORT, MUMBAI 01.",2025-2026
972,BHARATI VIDYAPEETHS COLLEGE OF FINE ARTS,Applied Arts and Crafts,Private-Self Financing,Maharashtra,PUNE,"BHARATI VIDYAPEETH EDUCATIONAL CAMPUS, PUNE-SATARA ROAD, PUNE 411043",2025-2026
973,VIVA INSTITUTE OF APPLIED ART,Applied Arts and Crafts,Private-Self Financing,Maharashtra,THANE,"AT:-SHIRGAON, POST:- VIRAR (E)",2025-2026
974,SIR J. J. INSTITUTE OF APPLIED ART,Applied Arts and Crafts,Government,Maharashtra,MUMBAI CITY,"DR. D. N. ROAD, FORT",2025-2026
975,GOVERNMENT COLLEGE OF ART AND DESIGN AURANGABAD,Applied Arts and Crafts,Government,Maharashtra,AURANGABAD,"KIL E ARK, ZANANA MAHAL, AURANGABAD.",2025-2026
976,"B. S. BANDEKAR COLLEGE OF FINE ART,( APPLIED ART).",Applied Arts and Crafts,Private-Self Financing,Maharashtra,SINDHUDURG,"SURVE NO.54/01, NEAR FOREST BHAVAN,SALAIWADA,AT/PO.SAWANTWADI,DIST:-SINDHUDURGA.416510",2025-2026
977,SANJEEVAN GROUP OF INSTITUTIONS,Applied Arts and Crafts,Private-Self Financing,Maharashtra,KOLHAPUR,"SANJEEVAN KNOWLEDGE CITY, SOMWAR PETH, TAL. PANHALA, DIST. KOLHAPUR. PIN 416201",2025-2026
978,VASANTDADA PATIL PRATISHTHAN'S COLLEGE OF ENGINEERING AND VISUAL ARTS,Applied Arts and Crafts,Private-Self Financing,Maharashtra,MUMBAI CITY,"VASANTDADA PATIL EDUCATIONAL COMPLEX, EASTERN EXPRESS HIGHWAY, NEAR PRIYADARSHINI BUILDING, SION-CHUNABHATTI, MUMBAI - 400 022",2025-2026
979,ADITYA COLLEGE OF ARCHITECTURE,Applied Arts and Crafts,Private-Self Financing,Maharashtra,MUMBAI SUBURBAN,ADITYA EDUCATIONAL CAMPUS R M BHATTAD MARG RAM NAGAR KALPANA CHAWLA CHOWK BORIVALI WEST,2025-2026
980,RACHANA SANSAD COLLEGE OF APPLIED ART & CRAFT,Applied Arts and Crafts,Private-Self Financing,Maharashtra,MUMBAI CITY,"5TH FLOOR, 278, SHANKAR GHANEKAR MARG, PRABHADEVI, MUMBAI-400025 STATE-MAHARASHTRA (INDIA)",2025-2026
981,KCES MOOLJI JAITHA COLLEGE,Applied Arts and Crafts,Govt aided,Maharashtra,JALGAON,"MJ COLLEGE CAMPUS, SHIVRAM NAGAR",2025-2026
982,GOVERNMENT COLLEGE OF ARTS AND DESIGN NAGPUR,Applied Arts and Crafts,Government,Maharashtra,NAGPUR,"OPPOSITE DEEKSHABHOOMI, LAXMINAGAR, NAGPUR,",2025-2026
983,SIR J. J. SCHOOL OF ART,Applied Arts and Crafts,Government,Maharashtra,MUMBAI CITY,"78, DR. D. N. ROAD, FORT, MUMBAI 01.",2025-2026
984,FTII,Applied Arts and Crafts,Government,Maharashtra,PUNE,"LAW COLLEGE ROAD, NEAR NAL STOP, PUNE,",2025-2026
985,GOVERNMENT COLLEGE OF ART AND DESIGN AURANGABAD,Applied Arts and Crafts,Government,Maharashtra,AURANGABAD,"KIL E ARK, ZANANA MAHAL, AURANGABAD.",2025-2026
986,KCES MOOLJI JAITHA COLLEGE,Applied Arts and Crafts,Govt aided,Maharashtra,JALGAON,"MJ COLLEGE CAMPUS, SHIVRAM NAGAR",2025-2026
987,,Applied Arts and Crafts,,Manipur,,,2025-2026
988,,Applied Arts and Crafts,,Manipur,,,2025-2026
989,,Applied Arts and Crafts,,Meghalaya,,,2025-2026
990,,Applied Arts and Crafts,,Meghalaya,,,2025-2026
991,,Applied Arts and Crafts,,Mizoram,,,2025-2026
992,,Applied Arts and Crafts,,Mizoram,,,2025-2026
993,,Applied Arts and Crafts,,Nagaland,,,2025-2026
994,,Applied Arts and Crafts,,Nagaland,,,2025-2026
995,BIJU PATTANAIK FILM & TELEVISION INSTITUTE OF ORISSA,Applied Arts and Crafts,Government,Odisha,CUTTACK,"MEDICAL ROAD BOSE CAMPUS, CUTTACK ORISSA-753007",2025-2026
996,,Applied Arts and Crafts,,Odisha,,,2025-2026
997,,Applied Arts and Crafts,,Orissa,,,2025-2026
998,,Applied Arts and Crafts,,Orissa,,,2025-2026
999,,Applied Arts and Crafts,,Puducherry,,,2025-2026
1000,,Applied Arts and Crafts,,Puducherry,,,2025-2026
1001,,Applied Arts and Crafts,,Punjab,,,2025-2026
1002,,Applied Arts and Crafts,,Punjab,,,2025-2026
1003,MANIPAL UNIVERSITY JAIPUR,Applied Arts and Crafts,State Private University,Rajasthan,JAIPUR,"DEHMI KALAN , JAIPUR AJMER EXPRESSWAY, JAIPUR 303007",2025-2026
1004,"GOVT. WOMEN POLYTECHNIC COLLEGE, AJMER",Applied Arts and Crafts,Government,Rajasthan,AJMER,NASIRABAD ROAD MAKHUPURA,2025-2026
1005,"GOVERNMENT WOMEN POLYTECHNIC COLLEGE, JAIPUR",Applied Arts and Crafts,Government,Rajasthan,JAIPUR,"MAHATMA GANDHI MARG, GANDHI NAGAR",2025-2026
1006,"GOVT. WOMEN POLYTECHNIC COLLEGE, SANGANER(JAIPUR)",Applied Arts and Crafts,Government,Rajasthan,JAIPUR,"SECTOR 8, HALDIGHATI MARG, PRATAP NAGAR ,SANGANER,JAIPUR",2025-2026
1007,"GOVRNMENT RESIDENTIAL WOMEN POLYTECHNIC COLLEGE, JODHPUR",Applied Arts and Crafts,Government,Rajasthan,JODHPUR,"GAURAV PATH (RESIDENCY ROAD), JODHPUR",2025-2026
1008,"GOVT. MAHILA POLYTECHNIC COLLEGE,BIKANER",Applied Arts and Crafts,Government,Rajasthan,BIKANER,"JAI NARAIAN VYAS COLONY,BIKANER",2025-2026
1009,JODHPUR INSTITUTE OF ENGINEERING & TECHNOLOGY,Applied Arts and Crafts,Private-Self Financing,Rajasthan,JODHPUR,"JIET UNIVERSE, N.H. -65, PALI ROAD, MOGRA, LUNI",2025-2026
1010,,Applied Arts and Crafts,,Rajasthan,,,2025-2026
1011,,Applied Arts and Crafts,,Sikkim,,,2025-2026
1012,,Applied Arts and Crafts,,Sikkim,,,2025-2026
1013,HINDUSTAN INSTITUTE OF TECHNOLOGY AND SCIENCE,Applied Arts and Crafts,Deemed to be University(Pvt),Tamil Nadu,KANCHIPURAM,"NO.1, RAJIV GANDHI SALAI(OMR), PADUR(VIA) KELAMBAKKAM, CHENNAI 603103",2025-2026
1014,,Applied Arts and Crafts,,Tamil Nadu,,,2025-2026
1015,AURORA'S FILM AND TELEVISION INSTITUTE,Applied Arts and Crafts,Private-Self Financing,Telangana,HYDERABAD,"CHIKKADPALLY, HYDERABAD",2025-2026
1016,AURORA'S SCHOOL OF FASHION DESIGN,Applied Arts and Crafts,Private-Self Financing,Telangana,HYDERABAD,"NAMPALLY, HYDERABAD",2025-2026
1017,AURORA'S SCHOOL OF ART AND DESIGN,Applied Arts and Crafts,Private-Self Financing,Telangana,HYDERABAD,"BANDLAGUDA, HYDERABAD",2025-2026
1018,SRI VENKATESHWARA COLLEGE OF FINE ARTS,Applied Arts and Crafts,Private-Self Financing,Telangana,RANGAREDDI,"86, HITECH CITY ROAD, MADHAPUR, HYDERABAD",2025-2026
1019,AURORA HIGHER EDUCATION AND RESEARCH ACADEMY (DEEMED-TO-BE-UNIVERSITY) BHONGIR CAMPUS,Applied Arts and Crafts,Deemed to be University(Pvt),Telangana,NALGONDA,"4-3-596, TILAK ROAD, ABIDS, HYDERABAD, 500001",2025-2026
1020,AURORAS TECHNOLOGICAL INSTITUTE BEGUMPET HYDERABAD,Applied Arts and Crafts,Private-Self Financing,Telangana,HYDERABAD,"1-11-256, MOTHILAL NEHRU NAGAR, BEGUMPET, HYDERABAD",2025-2026
1021,,Applied Arts and Crafts,,Telangana,,,2025-2026
1022,,Applied Arts and Crafts,,Tripura,,,2025-2026
1023,,Applied Arts and Crafts,,Tripura,,,2025-2026
1024,AXIS INSTITUTE OF FASHION TECHNOLOGY,Applied Arts and Crafts,Private-Self Financing,Uttar Pradesh,KANPUR NAGAR,VILL-HATHIPUR TEHSIL KANPUR SADAR,2025-2026
1025,SAROJ INSTITUTE OF FILM AND FASHION,Applied Arts and Crafts,Private-Self Financing,Uttar Pradesh,LUCKNOW,"AHIMAMAU, SULTANPUR ROAD, LUCKNOW",2025-2026
1026,AXIS INSTITUTE OF FASHION TECHNOLOGY,Applied Arts and Crafts,Private-Self Financing,Uttar Pradesh,KANPUR NAGAR,VILL-HATHIPUR TEHSIL KANPUR SADAR,2025-2026
1027,,Applied Arts and Crafts,,Uttarakhand,,,2025-2026
1028,,Applied Arts and Crafts,,Uttarakhand,,,2025-2026
1029,SEACOM SKILLS UNIVERSITY SCHOOL OF ENGINEERING,Applied Arts and Crafts,State Private University,West Bengal,BIRBHUM,"VILL-KENDRADANGAL, PO- SATTORE, PS- PANRUI, DIST- BIRBHUM",2025-2026
1030,,Applied Arts and Crafts,,West Bengal,,,2025-2026
