Year,State,Program,Level,College/University Name,Type,Affiliated University,State,City,Courses Offered,Intake Capacity,Accreditation,Approval Year
2014-2015,Andaman and Nicobar Islands,Applied Arts and Crafts,UG,No data available in table
2014-2015,Andaman and Nicobar Islands,Applied Arts and Crafts,PG,No data available in table
2014-2015,Andhra Pradesh,Applied Arts and Crafts,UG,No data available in table
2014-2015,Andhra Pradesh,Applied Arts and Crafts,PG,No data available in table
2014-2015,Arunachal Pradesh,Applied Arts and Crafts,UG,No data available in table
2014-2015,Arunachal Pradesh,Applied Arts and Crafts,PG,No data available in table
2014-2015,Assam,Applied Arts and Crafts,UG,No data available in table
2014-2015,Assam,Applied Arts and Crafts,PG,No data available in table
2014-2015,Bihar,Applied Arts and Crafts,UG,No data available in table
2014-2015,Bihar,Applied Arts and Crafts,PG,No data available in table
2014-2015,Chandigarh,Applied Arts and Crafts,UG,No data available in table
2014-2015,Chandigarh,Applied Arts and Crafts,PG,No data available in table
2014-2015,Chhattisgarh,Applied Arts and Crafts,UG,No data available in table
2014-2015,Chhattisgarh,Applied Arts and Crafts,PG,No data available in table
2014-2015,Dadra and Nagar Haveli,Applied Arts and Crafts,UG,No data available in table
2014-2015,Dadra and Nagar Haveli,Applied Arts and Crafts,PG,No data available in table
2014-2015,Daman and Diu,Applied Arts and Crafts,UG,No data available in table
2014-2015,Daman and Diu,Applied Arts and Crafts,PG,No data available in table
2014-2015,Delhi,Applied Arts and Crafts,UG,1-2017574578,COLLEGE OF ART,20-22 TILAK MARG,EAST DELHI,Government,N,N,Click Here,NA
2014-2015,Delhi,Applied Arts and Crafts,PG,No data available in table
2014-2015,Goa,Applied Arts and Crafts,UG,1-2013458688,GOA COLLEGE OF ART,"ALTINHO, PANAJI - GOA 403 001",NORTH GOA,Government,N,N,Click Here,NA
2014-2015,Goa,Applied Arts and Crafts,PG,No data available in table
2014-2015,Gujarat,Applied Arts and Crafts,UG,No data available in table
2014-2015,Gujarat,Applied Arts and Crafts,PG,No data available in table
2014-2015,Haryana,Applied Arts and Crafts,UG,No data available in table
2014-2015,Haryana,Applied Arts and Crafts,PG,No data available in table
2014-2015,Himachal Pradesh,Applied Arts and Crafts,UG,No data available in table
2014-2015,Himachal Pradesh,Applied Arts and Crafts,PG,No data available in table
2014-2015,Jammu and Kashmir,Applied Arts and Crafts,UG,No data available in table
2014-2015,Jammu and Kashmir,Applied Arts and Crafts,PG,No data available in table
2014-2015,Jharkhand,Applied Arts and Crafts,UG,No data available in table
2014-2015,Jharkhand,Applied Arts and Crafts,PG,No data available in table
2014-2015,Karnataka,Applied Arts and Crafts,UG,No data available in table
2014-2015,Karnataka,Applied Arts and Crafts,PG,No data available in table
2014-2015,Kerala,Applied Arts and Crafts,UG,No data available in table
2014-2015,Kerala,Applied Arts and Crafts,PG,No data available in table
2014-2015,Madhya Pradesh,Applied Arts and Crafts,UG,No data available in table
2014-2015,Madhya Pradesh,Applied Arts and Crafts,PG,No data available in table
2014-2015,Maharashtra,Applied Arts and Crafts,UG,No data available in table
2014-2015,Maharashtra,Applied Arts and Crafts,PG,No data available in table
2014-2015,Manipur,Applied Arts and Crafts,UG,No data available in table
2014-2015,Manipur,Applied Arts and Crafts,PG,No data available in table
2014-2015,Meghalaya,Applied Arts and Crafts,UG,No data available in table
2014-2015,Meghalaya,Applied Arts and Crafts,PG,No data available in table
2014-2015,Mizoram,Applied Arts and Crafts,UG,No data available in table
2014-2015,Mizoram,Applied Arts and Crafts,PG,No data available in table
2014-2015,Nagaland,Applied Arts and Crafts,UG,No data available in table
2014-2015,Nagaland,Applied Arts and Crafts,PG,No data available in table
2014-2015,Odisha,Applied Arts and Crafts,UG,No data available in table
2014-2015,Odisha,Applied Arts and Crafts,PG,No data available in table
2014-2015,Orissa,Applied Arts and Crafts,UG,No data available in table
2014-2015,Orissa,Applied Arts and Crafts,PG,No data available in table
2014-2015,Puducherry,Applied Arts and Crafts,UG,1-2016637272,BHARATHIAR PALKALAI KOODAM,"CUDDALORE MAIN ROAD, ARIYANKUPPAM",PUDUCHERRY,Government,N,N,Click Here,NA
2014-2015,Puducherry,Applied Arts and Crafts,PG,No data available in table
2014-2015,Punjab,Applied Arts and Crafts,UG,No data available in table
2014-2015,Punjab,Applied Arts and Crafts,PG,No data available in table
2014-2015,Rajasthan,Applied Arts and Crafts,UG,No data available in table
2014-2015,Rajasthan,Applied Arts and Crafts,PG,No data available in table
2014-2015,Sikkim,Applied Arts and Crafts,UG,No data available in table
2014-2015,Sikkim,Applied Arts and Crafts,PG,No data available in table
2014-2015,Tamil Nadu,Applied Arts and Crafts,UG,No data available in table
2014-2015,Tamil Nadu,Applied Arts and Crafts,PG,No data available in table
2014-2015,Telangana,Applied Arts and Crafts,UG,No data available in table
2014-2015,Telangana,Applied Arts and Crafts,PG,No data available in table
2014-2015,Tripura,Applied Arts and Crafts,UG,No data available in table
2014-2015,Tripura,Applied Arts and Crafts,PG,No data available in table
2014-2015,Uttar Pradesh,Applied Arts and Crafts,UG,No data available in table
2014-2015,Uttar Pradesh,Applied Arts and Crafts,PG,1-2012889890,RAMRATI INSTITUTE OF TECHNOLOGY,DELHI ROAD,SAHARANPUR,Unaided - Private,N,N,Click Here,NA
2014-2015,Uttarakhand,Applied Arts and Crafts,UG,No data available in table
2014-2015,Uttarakhand,Applied Arts and Crafts,PG,No data available in table
2014-2015,West Bengal,Applied Arts and Crafts,UG,No data available in table
2014-2015,West Bengal,Applied Arts and Crafts,PG,No data available in table
2015-2016,Andaman and Nicobar Islands,Applied Arts and Crafts,UG,No data available in table
2015-2016,Andaman and Nicobar Islands,Applied Arts and Crafts,PG,No data available in table
2015-2016,Andhra Pradesh,Applied Arts and Crafts,UG,No data available in table
2015-2016,Andhra Pradesh,Applied Arts and Crafts,PG,No data available in table
2015-2016,Arunachal Pradesh,Applied Arts and Crafts,UG,No data available in table
2015-2016,Arunachal Pradesh,Applied Arts and Crafts,PG,No data available in table
2015-2016,Assam,Applied Arts and Crafts,UG,No data available in table
2015-2016,Assam,Applied Arts and Crafts,PG,No data available in table
2015-2016,Bihar,Applied Arts and Crafts,UG,No data available in table
2015-2016,Bihar,Applied Arts and Crafts,PG,No data available in table
2015-2016,Chandigarh,Applied Arts and Crafts,UG,1-2454482359,GOVERNMENT COLLEGE OF ART,SECTOR 10C,CHANDIGARH,Government,N,N,Click Here,NA
2015-2016,Chandigarh,Applied Arts and Crafts,PG,1-2454482359,GOVERNMENT COLLEGE OF ART,SECTOR 10C,CHANDIGARH,Government,N,N,Click Here,NA
2015-2016,Chhattisgarh,Applied Arts and Crafts,UG,No data available in table
2015-2016,Chhattisgarh,Applied Arts and Crafts,PG,No data available in table
2015-2016,Dadra and Nagar Haveli,Applied Arts and Crafts,UG,No data available in table
2015-2016,Dadra and Nagar Haveli,Applied Arts and Crafts,PG,No data available in table
2015-2016,Daman and Diu,Applied Arts and Crafts,UG,No data available in table
2015-2016,Daman and Diu,Applied Arts and Crafts,PG,No data available in table
2015-2016,Delhi,Applied Arts and Crafts,UG,1-2455866275,COLLEGE OF ART,20-22 TILAK MARG,EAST DELHI,Government,N,N,Click Here,NA
2015-2016,Delhi,Applied Arts and Crafts,PG,No data available in table
2015-2016,Goa,Applied Arts and Crafts,UG,1-2452418313,GOA COLLEGE OF ART,"ALTINHO, PANAJI - GOA 403 001",NORTH GOA,Government,N,N,Click Here,NA
2015-2016,Goa,Applied Arts and Crafts,PG,No data available in table
2015-2016,Gujarat,Applied Arts and Crafts,UG,No data available in table
2015-2016,Gujarat,Applied Arts and Crafts,PG,No data available in table
2015-2016,Haryana,Applied Arts and Crafts,UG,1-2454649588,GALAXY GLOBAL EDUCATIONAL TRUST'S GROUP OF INSTITUTIONS,"SHAHABAD-SAHA ROAD, NH-73, VILL. DINARPUR, DISTT. AMBALA",AMBALA,Unaided - Private,N,N,Click Here,NA
2015-2016,Haryana,Applied Arts and Crafts,PG,No data available in table
2015-2016,Himachal Pradesh,Applied Arts and Crafts,UG,No data available in table
2015-2016,Himachal Pradesh,Applied Arts and Crafts,PG,No data available in table
2015-2016,Jammu and Kashmir,Applied Arts and Crafts,UG,No data available in table
2015-2016,Jammu and Kashmir,Applied Arts and Crafts,PG,No data available in table
2015-2016,Jharkhand,Applied Arts and Crafts,UG,No data available in table
2015-2016,Jharkhand,Applied Arts and Crafts,PG,No data available in table
2015-2016,Karnataka,Applied Arts and Crafts,UG,No data available in table
2015-2016,Karnataka,Applied Arts and Crafts,PG,No data available in table
2015-2016,Kerala,Applied Arts and Crafts,UG,No data available in table
2015-2016,Kerala,Applied Arts and Crafts,PG,No data available in table
2015-2016,Madhya Pradesh,Applied Arts and Crafts,UG,No data available in table
2015-2016,Madhya Pradesh,Applied Arts and Crafts,PG,No data available in table
2015-2016,Maharashtra,Applied Arts and Crafts,UG,1-2451247837,RACHANA SANSAD COLLEGE OF APPLIED ART & CRAFT,"5TH FLOOR, 278, SHANKAR GHANEKAR MARG, PRABHADEVI, MUMBAI-400025 STATE-MAHARASHTRA (INDIA)",MUMBAI CITY,Unaided - Private,N,N,Click Here,NA
2015-2016,Maharashtra,Applied Arts and Crafts,UG,1-2451270767,VIVA INSTITUTE OF APPLIED ART,"AT:-SHIRGAON, POST:- VIRAR (E)",THANE,Unaided - Private,N,N,Click Here,NA
2015-2016,Maharashtra,Applied Arts and Crafts,UG,1-2451342556,PAD.DR.D.Y.PATIL COLLEGE OF APPLIED ARTS & CRAFTS,"SECTOR NO. 29, NIGDI-PRADHIKRAN, AKURDI, PUNE -44",PUNE,Unaided - Private,N,N,Click Here,NA
2015-2016,Maharashtra,Applied Arts and Crafts,UG,1-2452206430,BHARATI KALA MAHAVIDYALAYA,"BHARATI VIDYAPEETH EDUCATIONAL CAMPUS, PUNE-SATARA ROAD, PUNE 411043",PUNE,Unaided - Private,N,N,Click Here,NA
2015-2016,Maharashtra,Applied Arts and Crafts,UG,1-2452228519,SIR J. J. INSTITUTE OF APPLIED ART,"DR. D. N. ROAD, FORT",MUMBAI CITY,Government,N,N,Click Here,NA
2015-2016,Maharashtra,Applied Arts and Crafts,UG,1-2453981577,"B. S. BANDEKAR COLLEGE OF FINE ART,( APPLIED ART).","SURVE NO.54/01, NEAR FOREST BHAVAN,SALAIWADA,AT/PO.SAWANTWADI,DIST:-SINDHUDURGA.416510",SINDHUDURG,Unaided - Private,N,N,Click Here,NA
2015-2016,Maharashtra,Applied Arts and Crafts,PG,No data available in table
2015-2016,Manipur,Applied Arts and Crafts,UG,No data available in table
2015-2016,Manipur,Applied Arts and Crafts,PG,No data available in table
2015-2016,Meghalaya,Applied Arts and Crafts,UG,No data available in table
2015-2016,Meghalaya,Applied Arts and Crafts,PG,No data available in table
2015-2016,Mizoram,Applied Arts and Crafts,UG,No data available in table
2015-2016,Mizoram,Applied Arts and Crafts,PG,No data available in table
2015-2016,Nagaland,Applied Arts and Crafts,UG,No data available in table
2015-2016,Nagaland,Applied Arts and Crafts,PG,No data available in table
2015-2016,Odisha,Applied Arts and Crafts,UG,No data available in table
2015-2016,Odisha,Applied Arts and Crafts,PG,No data available in table
2015-2016,Orissa,Applied Arts and Crafts,UG,No data available in table
2015-2016,Orissa,Applied Arts and Crafts,PG,No data available in table
2015-2016,Puducherry,Applied Arts and Crafts,UG,1-2451529934,BHARATHIAR PALKALAI KOODAM,"CUDDALORE MAIN ROAD, ARIYANKUPPAM",PUDUCHERRY,Government,N,N,Click Here,NA
2015-2016,Puducherry,Applied Arts and Crafts,PG,No data available in table
2015-2016,Punjab,Applied Arts and Crafts,UG,No data available in table
2015-2016,Punjab,Applied Arts and Crafts,PG,No data available in table
2015-2016,Rajasthan,Applied Arts and Crafts,UG,No data available in table
2015-2016,Rajasthan,Applied Arts and Crafts,PG,No data available in table
2015-2016,Sikkim,Applied Arts and Crafts,UG,No data available in table
2015-2016,Sikkim,Applied Arts and Crafts,PG,No data available in table
2015-2016,Tamil Nadu,Applied Arts and Crafts,UG,No data available in table
2015-2016,Tamil Nadu,Applied Arts and Crafts,PG,No data available in table
2015-2016,Telangana,Applied Arts and Crafts,UG,No data available in table
2015-2016,Telangana,Applied Arts and Crafts,PG,No data available in table
2015-2016,Tripura,Applied Arts and Crafts,UG,No data available in table
2015-2016,Tripura,Applied Arts and Crafts,PG,No data available in table
2015-2016,Uttar Pradesh,Applied Arts and Crafts,UG,No data available in table
2015-2016,Uttar Pradesh,Applied Arts and Crafts,PG,No data available in table
2015-2016,Uttarakhand,Applied Arts and Crafts,UG,No data available in table
2015-2016,Uttarakhand,Applied Arts and Crafts,PG,No data available in table
2015-2016,West Bengal,Applied Arts and Crafts,UG,No data available in table
2015-2016,West Bengal,Applied Arts and Crafts,PG,No data available in table
2016-2017,Andaman and Nicobar Islands,Applied Arts and Crafts,UG,No data available in table
2016-2017,Andaman and Nicobar Islands,Applied Arts and Crafts,PG,No data available in table
2016-2017,Andhra Pradesh,Applied Arts and Crafts,UG,No data available in table
2016-2017,Andhra Pradesh,Applied Arts and Crafts,PG,No data available in table
2016-2017,Arunachal Pradesh,Applied Arts and Crafts,UG,No data available in table
2016-2017,Arunachal Pradesh,Applied Arts and Crafts,PG,No data available in table
2016-2017,Assam,Applied Arts and Crafts,UG,No data available in table
2016-2017,Assam,Applied Arts and Crafts,PG,No data available in table
2016-2017,Bihar,Applied Arts and Crafts,UG,No data available in table
2016-2017,Bihar,Applied Arts and Crafts,PG,No data available in table
2016-2017,Chandigarh,Applied Arts and Crafts,UG,No data available in table
2016-2017,Chandigarh,Applied Arts and Crafts,PG,No data available in table
2016-2017,Chhattisgarh,Applied Arts and Crafts,UG,No data available in table
2016-2017,Chhattisgarh,Applied Arts and Crafts,PG,No data available in table
2016-2017,Dadra and Nagar Haveli,Applied Arts and Crafts,UG,No data available in table
2016-2017,Dadra and Nagar Haveli,Applied Arts and Crafts,PG,No data available in table
2016-2017,Daman and Diu,Applied Arts and Crafts,UG,1-2813813460,GOVERNMENT COLLEGE OF ART,SECTOR 10C,CHANDIGARH,Government,N,N,Click Here,NA
2016-2017,Daman and Diu,Applied Arts and Crafts,PG,No data available in table
2016-2017,Delhi,Applied Arts and Crafts,UG,1-2814308997,COLLEGE OF ART,20-22 TILAK MARG,EAST DELHI,Government,N,N,Click Here,NA
2016-2017,Delhi,Applied Arts and Crafts,PG,No data available in table
2016-2017,Goa,Applied Arts and Crafts,UG,1-2809451721,GOA COLLEGE OF ART,"ALTINHO, PANAJI - GOA 403 001",NORTH GOA,Government,N,N,Click Here,NA
2016-2017,Goa,Applied Arts and Crafts,PG,No data available in table
2016-2017,Gujarat,Applied Arts and Crafts,UG,No data available in table
2016-2017,Gujarat,Applied Arts and Crafts,PG,No data available in table
2016-2017,Haryana,Applied Arts and Crafts,UG,1-2813569477,GALAXY GLOBAL EDUCATIONAL TRUST'S GROUP OF INSTITUTIONS,"SHAHABAD-SAHA ROAD, NH-73, VILL. DINARPUR, DISTT. AMBALA",AMBALA,Unaided - Private,N,N,Click Here,NA
2016-2017,Haryana,Applied Arts and Crafts,PG,No data available in table
2016-2017,Himachal Pradesh,Applied Arts and Crafts,UG,No data available in table
2016-2017,Himachal Pradesh,Applied Arts and Crafts,PG,No data available in table
2016-2017,Jammu and Kashmir,Applied Arts and Crafts,UG,No data available in table
2016-2017,Jammu and Kashmir,Applied Arts and Crafts,PG,No data available in table
2016-2017,Jharkhand,Applied Arts and Crafts,UG,No data available in table
2016-2017,Jharkhand,Applied Arts and Crafts,PG,No data available in table
2016-2017,Karnataka,Applied Arts and Crafts,UG,No data available in table
2016-2017,Karnataka,Applied Arts and Crafts,PG,No data available in table
2016-2017,Kerala,Applied Arts and Crafts,UG,No data available in table
2016-2017,Kerala,Applied Arts and Crafts,PG,No data available in table
2016-2017,Madhya Pradesh,Applied Arts and Crafts,UG,No data available in table
2016-2017,Madhya Pradesh,Applied Arts and Crafts,PG,No data available in table
2016-2017,Maharashtra,Applied Arts and Crafts,UG,1-2809561336,SIR J. J. INSTITUTE OF APPLIED ART,"DR. D. N. ROAD, FORT",MUMBAI CITY,Government,N,N,Click Here,NA
2016-2017,Maharashtra,Applied Arts and Crafts,UG,1-2809573856,"B. S. BANDEKAR COLLEGE OF FINE ART,( APPLIED ART).","SURVE NO.54/01, NEAR FOREST BHAVAN,SALAIWADA,AT/PO.SAWANTWADI,DIST:-SINDHUDURGA.416510",SINDHUDURG,Unaided - Private,N,N,Click Here,NA
2016-2017,Maharashtra,Applied Arts and Crafts,UG,1-2809599475,BHARATI KALA MAHAVIDYALAYA,"BHARATI VIDYAPEETH EDUCATIONAL CAMPUS, PUNE-SATARA ROAD, PUNE 411043",PUNE,Unaided - Private,N,N,Click Here,NA
2016-2017,Maharashtra,Applied Arts and Crafts,UG,1-2809768310,VIVA INSTITUTE OF APPLIED ART,"AT:-SHIRGAON, POST:- VIRAR (E)",THANE,Unaided - Private,N,N,Click Here,NA
2016-2017,Maharashtra,Applied Arts and Crafts,UG,1-2809800770,PAD.DR.D.Y.PATIL COLLEGE OF APPLIED ARTS & CRAFTS,"SECTOR NO. 29, NIGDI-PRADHIKRAN, AKURDI, PUNE -44",PUNE,Unaided - Private,N,N,Click Here,NA
2016-2017,Maharashtra,Applied Arts and Crafts,PG,No data available in table
2016-2017,Manipur,Applied Arts and Crafts,UG,No data available in table
2016-2017,Manipur,Applied Arts and Crafts,PG,No data available in table
2016-2017,Meghalaya,Applied Arts and Crafts,UG,No data available in table
2016-2017,Meghalaya,Applied Arts and Crafts,PG,No data available in table
2016-2017,Mizoram,Applied Arts and Crafts,UG,No data available in table
2016-2017,Mizoram,Applied Arts and Crafts,PG,No data available in table
2016-2017,Nagaland,Applied Arts and Crafts,UG,No data available in table
2016-2017,Nagaland,Applied Arts and Crafts,PG,No data available in table
2016-2017,Odisha,Applied Arts and Crafts,UG,No data available in table
2016-2017,Odisha,Applied Arts and Crafts,PG,No data available in table
2016-2017,Orissa,Applied Arts and Crafts,UG,No data available in table
2016-2017,Orissa,Applied Arts and Crafts,PG,No data available in table
2016-2017,Puducherry,Applied Arts and Crafts,UG,1-2811530914,BHARATHIAR PALKALAI KOODAM,"CUDDALORE MAIN ROAD, ARIYANKUPPAM",PUDUCHERRY,Government,N,N,Click Here,NA
2016-2017,Puducherry,Applied Arts and Crafts,PG,No data available in table
2016-2017,Punjab,Applied Arts and Crafts,UG,No data available in table
2016-2017,Punjab,Applied Arts and Crafts,PG,No data available in table
2016-2017,Rajasthan,Applied Arts and Crafts,UG,No data available in table
2016-2017,Rajasthan,Applied Arts and Crafts,PG,No data available in table
2016-2017,Sikkim,Applied Arts and Crafts,UG,No data available in table
2016-2017,Sikkim,Applied Arts and Crafts,PG,No data available in table
2016-2017,Tamil Nadu,Applied Arts and Crafts,UG,No data available in table
2016-2017,Tamil Nadu,Applied Arts and Crafts,PG,No data available in table
2016-2017,Telangana,Applied Arts and Crafts,UG,1-2812701202,SRI VENKATESHWARA COLLEGE OF FINE ARTS,"86, HITECH CITY ROAD, MADHAPUR, HYDERABAD",RANGAREDDI,Unaided - Private,N,N,Click Here,NA
2016-2017,Telangana,Applied Arts and Crafts,PG,No data available in table
2016-2017,Tripura,Applied Arts and Crafts,UG,No data available in table
2016-2017,Tripura,Applied Arts and Crafts,PG,No data available in table
2016-2017,Uttar Pradesh,Applied Arts and Crafts,UG,1-2812490797,FMG (ACADEMY) GROUP OF INSTITUTIONS,PLOT NO-8 KNOWLEDGE PARK 3,G B NAGAR,Unaided - Private,N,N,Click Here,NA
2016-2017,Uttar Pradesh,Applied Arts and Crafts,UG,1-2812530817,AXIS INSTITUTE OF FASHION TECHNOLOGY,VILL-HATHIPUR TEHSIL KANPUR SADAR,KANPUR NAGAR,Unaided - Private,N,N,Click Here,NA
2016-2017,Uttar Pradesh,Applied Arts and Crafts,UG,1-2812891351,VIDYA INSTITUTE OF FASHION TECHNOLOGY,"VIDYA KNOWLEDGE PARK BAGHPAT ROAD MEERUT ,UTTAR PRADESH-250005",MEERUT,Unaided - Private,N,Y,Click Here,NA
2016-2017,Uttar Pradesh,Applied Arts and Crafts,PG,No data available in table
2016-2017,Uttarakhand,Applied Arts and Crafts,UG,No data available in table
2016-2017,Uttarakhand,Applied Arts and Crafts,PG,No data available in table
2016-2017,West Bengal,Applied Arts and Crafts,UG,No data available in table
2016-2017,West Bengal,Applied Arts and Crafts,PG,No data available in table
2017-2018,Andaman and Nicobar Islands,Applied Arts and Crafts,UG,No data available in table
2017-2018,Andaman and Nicobar Islands,Applied Arts and Crafts,PG,No data available in table
2017-2018,Andhra Pradesh,Applied Arts and Crafts,UG,No data available in table
2017-2018,Andhra Pradesh,Applied Arts and Crafts,PG,No data available in table
2017-2018,Arunachal Pradesh,Applied Arts and Crafts,UG,No data available in table
2017-2018,Arunachal Pradesh,Applied Arts and Crafts,PG,No data available in table
2017-2018,Assam,Applied Arts and Crafts,UG,No data available in table
2017-2018,Assam,Applied Arts and Crafts,PG,No data available in table
2017-2018,Bihar,Applied Arts and Crafts,UG,No data available in table
2017-2018,Bihar,Applied Arts and Crafts,PG,No data available in table
2017-2018,Chandigarh,Applied Arts and Crafts,UG,No data available in table
2017-2018,Chandigarh,Applied Arts and Crafts,PG,No data available in table
2017-2018,Chhattisgarh,Applied Arts and Crafts,UG,No data available in table
2017-2018,Chhattisgarh,Applied Arts and Crafts,PG,No data available in table
2017-2018,Dadra and Nagar Haveli,Applied Arts and Crafts,UG,No data available in table
2017-2018,Dadra and Nagar Haveli,Applied Arts and Crafts,PG,No data available in table
2017-2018,Daman and Diu,Applied Arts and Crafts,UG,No data available in table
2017-2018,Daman and Diu,Applied Arts and Crafts,PG,No data available in table
2017-2018,Delhi,Applied Arts and Crafts,UG,No data available in table
2017-2018,Delhi,Applied Arts and Crafts,PG,No data available in table
2017-2018,Goa,Applied Arts and Crafts,UG,No data available in table
2017-2018,Goa,Applied Arts and Crafts,PG,No data available in table
2017-2018,Gujarat,Applied Arts and Crafts,UG,No data available in table
2017-2018,Gujarat,Applied Arts and Crafts,PG,No data available in table
2017-2018,Haryana,Applied Arts and Crafts,UG,1-3327762854,GALAXY GLOBAL EDUCATIONAL TRUST'S GROUP OF INSTITUTIONS,"SHAHABAD-SAHA ROAD, NH-73, VILL. DINARPUR, DISTT. AMBALA",AMBALA,Unaided - Private,N,N,Click Here,NA
2017-2018,Haryana,Applied Arts and Crafts,PG,No data available in table
2017-2018,Himachal Pradesh,Applied Arts and Crafts,UG,No data available in table
2017-2018,Himachal Pradesh,Applied Arts and Crafts,PG,No data available in table
2017-2018,Jammu and Kashmir,Applied Arts and Crafts,UG,No data available in table
2017-2018,Jammu and Kashmir,Applied Arts and Crafts,PG,No data available in table
2017-2018,Jharkhand,Applied Arts and Crafts,UG,No data available in table
2017-2018,Jharkhand,Applied Arts and Crafts,PG,No data available in table
2017-2018,Karnataka,Applied Arts and Crafts,UG,No data available in table
2017-2018,Karnataka,Applied Arts and Crafts,PG,No data available in table
2017-2018,Kerala,Applied Arts and Crafts,UG,No data available in table
2017-2018,Kerala,Applied Arts and Crafts,PG,No data available in table
2017-2018,Madhya Pradesh,Applied Arts and Crafts,UG,No data available in table
2017-2018,Madhya Pradesh,Applied Arts and Crafts,PG,No data available in table
2017-2018,Maharashtra,Applied Arts and Crafts,UG,1-3322335726,"B. S. BANDEKAR COLLEGE OF FINE ART,( APPLIED ART).","SURVE NO.54/01, NEAR FOREST BHAVAN,SALAIWADA,AT/PO.SAWANTWADI,DIST:-SINDHUDURGA.416510",SINDHUDURG,Unaided - Private,N,N,Click Here,NA
2017-2018,Maharashtra,Applied Arts and Crafts,UG,1-3322343380,VIVA INSTITUTE OF APPLIED ART,"AT:-SHIRGAON, POST:- VIRAR (E)",THANE,Unaided - Private,N,N,Click Here,NA
2017-2018,Maharashtra,Applied Arts and Crafts,UG,1-3322344434,PAD.DR.D.Y.PATIL COLLEGE OF APPLIED ARTS & CRAFTS,"SECTOR NO. 29, NIGDI-PRADHIKRAN, AKURDI, PUNE -44",PUNE,Unaided - Private,N,N,Click Here,NA
2017-2018,Maharashtra,Applied Arts and Crafts,UG,1-3323466945,SIR J. J. INSTITUTE OF APPLIED ART,"DR. D. N. ROAD, FORT",MUMBAI CITY,Government,N,N,Click Here,NA
2017-2018,Maharashtra,Applied Arts and Crafts,UG,1-3323592959,BHARATI KALA MAHAVIDYALAYA,"BHARATI VIDYAPEETH EDUCATIONAL CAMPUS, PUNE-SATARA ROAD, PUNE 411043",PUNE,Unaided - Private,N,N,Click Here,NA
2017-2018,Maharashtra,Applied Arts and Crafts,UG,1-3344260744,RACHANA SANSAD COLLEGE OF APPLIED ART & CRAFT,"5TH FLOOR, 278, SHANKAR GHANEKAR MARG, PRABHADEVI, MUMBAI-400025 STATE-MAHARASHTRA (INDIA)",MUMBAI CITY,Unaided - Private,N,N,Click Here,NA
2017-2018,Maharashtra,Applied Arts and Crafts,PG,No data available in table
2017-2018,Manipur,Applied Arts and Crafts,UG,No data available in table
2017-2018,Manipur,Applied Arts and Crafts,PG,No data available in table
2017-2018,Meghalaya,Applied Arts and Crafts,UG,No data available in table
2017-2018,Meghalaya,Applied Arts and Crafts,PG,No data available in table
2017-2018,Mizoram,Applied Arts and Crafts,UG,No data available in table
2017-2018,Mizoram,Applied Arts and Crafts,PG,No data available in table
2017-2018,Nagaland,Applied Arts and Crafts,UG,No data available in table
2017-2018,Nagaland,Applied Arts and Crafts,PG,No data available in table
2017-2018,Odisha,Applied Arts and Crafts,UG,No data available in table
2017-2018,Odisha,Applied Arts and Crafts,PG,No data available in table
2017-2018,Orissa,Applied Arts and Crafts,UG,No data available in table
2017-2018,Orissa,Applied Arts and Crafts,PG,No data available in table
2017-2018,Puducherry,Applied Arts and Crafts,UG,1-3325427436,BHARATHIAR PALKALAI KOODAM,"CUDDALORE MAIN ROAD, ARIYANKUPPAM",PUDUCHERRY,Government,N,N,Click Here,NA
2017-2018,Puducherry,Applied Arts and Crafts,PG,No data available in table
2017-2018,Punjab,Applied Arts and Crafts,UG,No data available in table
2017-2018,Punjab,Applied Arts and Crafts,PG,No data available in table
2017-2018,Rajasthan,Applied Arts and Crafts,UG,No data available in table
2017-2018,Rajasthan,Applied Arts and Crafts,PG,No data available in table
2017-2018,Sikkim,Applied Arts and Crafts,UG,No data available in table
2017-2018,Sikkim,Applied Arts and Crafts,PG,No data available in table
2017-2018,Tamil Nadu,Applied Arts and Crafts,UG,No data available in table
2017-2018,Tamil Nadu,Applied Arts and Crafts,PG,No data available in table
2017-2018,Telangana,Applied Arts and Crafts,UG,No data available in table
2017-2018,Telangana,Applied Arts and Crafts,PG,1-3325403872,SRI VENKATESHWARA COLLEGE OF FINE ARTS,"86, HITECH CITY ROAD, MADHAPUR, HYDERABAD",RANGAREDDI,Unaided - Private,N,N,Click Here,NA
2017-2018,Tripura,Applied Arts and Crafts,UG,No data available in table
2017-2018,Tripura,Applied Arts and Crafts,PG,No data available in table
2017-2018,Uttar Pradesh,Applied Arts and Crafts,UG,1-3324125948,FMG (ACADEMY) GROUP OF INSTITUTIONS,PLOT NO-8 KNOWLEDGE PARK 3,G B NAGAR,Unaided - Private,N,N,Click Here,NA
2017-2018,Uttar Pradesh,Applied Arts and Crafts,UG,1-3324264874,VIDYA INSTITUTE OF FASHION TECHNOLOGY,"VIDYA KNOWLEDGE PARK BAGHPAT ROAD MEERUT ,UTTAR PRADESH-250005",MEERUT,Unaided - Private,N,Y,Click Here,NA
2017-2018,Uttar Pradesh,Applied Arts and Crafts,UG,1-3328094460,AXIS INSTITUTE OF FASHION TECHNOLOGY,VILL-HATHIPUR TEHSIL KANPUR SADAR,KANPUR NAGAR,Unaided - Private,N,N,Click Here,NA
2017-2018,Uttar Pradesh,Applied Arts and Crafts,PG,No data available in table
2017-2018,Uttarakhand,Applied Arts and Crafts,UG,No data available in table
2017-2018,Uttarakhand,Applied Arts and Crafts,PG,No data available in table
2017-2018,West Bengal,Applied Arts and Crafts,UG,No data available in table
2017-2018,West Bengal,Applied Arts and Crafts,PG,No data available in table
2018-2019,Andaman and Nicobar Islands,Applied Arts and Crafts,UG,No data available in table
2018-2019,Andaman and Nicobar Islands,Applied Arts and Crafts,PG,No data available in table
2018-2019,Andhra Pradesh,Applied Arts and Crafts,UG,1-3694329991,KONERU LAKSHMAIAH EDUCATION FOUNDATION,"GREEN FIELDS, VADDESWARAM.",GUNTUR,Deemed University(Private),N,N,Click Here,NA
2018-2019,Andhra Pradesh,Applied Arts and Crafts,PG,No data available in table
2018-2019,Arunachal Pradesh,Applied Arts and Crafts,UG,No data available in table
2018-2019,Arunachal Pradesh,Applied Arts and Crafts,PG,No data available in table
2018-2019,Assam,Applied Arts and Crafts,UG,No data available in table
2018-2019,Assam,Applied Arts and Crafts,PG,No data available in table
2018-2019,Bihar,Applied Arts and Crafts,UG,No data available in table
2018-2019,Bihar,Applied Arts and Crafts,PG,No data available in table
2018-2019,Chandigarh,Applied Arts and Crafts,UG,1-3513168641,GOVERNMENT COLLEGE OF ART,SECTOR 10C,CHANDIGARH,Government,N,N,Click Here,NA
2018-2019,Chandigarh,Applied Arts and Crafts,PG,1-3513168641,GOVERNMENT COLLEGE OF ART,SECTOR 10C,CHANDIGARH,Government,N,N,Click Here,NA
2018-2019,Chhattisgarh,Applied Arts and Crafts,UG,No data available in table
2018-2019,Chhattisgarh,Applied Arts and Crafts,PG,No data available in table
2018-2019,Dadra and Nagar Haveli,Applied Arts and Crafts,UG,No data available in table
2018-2019,Dadra and Nagar Haveli,Applied Arts and Crafts,PG,No data available in table
2018-2019,Daman and Diu,Applied Arts and Crafts,UG,No data available in table
2018-2019,Daman and Diu,Applied Arts and Crafts,PG,No data available in table
2018-2019,Delhi,Applied Arts and Crafts,UG,1-3513116626,COLLEGE OF ART,20-22 TILAK MARG,EAST DELHI,Government,N,N,Click Here,NA
2018-2019,Delhi,Applied Arts and Crafts,PG,No data available in table
2018-2019,Goa,Applied Arts and Crafts,UG,1-3508717448,GOA COLLEGE OF ART,"ALTINHO, PANAJI - GOA 403 001",NORTH GOA,Government,N,N,Click Here,NA
2018-2019,Goa,Applied Arts and Crafts,PG,No data available in table
2018-2019,Gujarat,Applied Arts and Crafts,UG,No data available in table
2018-2019,Gujarat,Applied Arts and Crafts,PG,No data available in table
2018-2019,Haryana,Applied Arts and Crafts,UG,1-3513970854,GALAXY GLOBAL EDUCATIONAL TRUST'S GROUP OF INSTITUTIONS,"SHAHABAD-SAHA ROAD, NH-73, VILL. DINARPUR, DISTT. AMBALA",AMBALA,Unaided - Private,N,N,Click Here,NA
2018-2019,Haryana,Applied Arts and Crafts,PG,No data available in table
2018-2019,Himachal Pradesh,Applied Arts and Crafts,UG,No data available in table
2018-2019,Himachal Pradesh,Applied Arts and Crafts,PG,No data available in table
2018-2019,Jammu and Kashmir,Applied Arts and Crafts,UG,No data available in table
2018-2019,Jammu and Kashmir,Applied Arts and Crafts,PG,No data available in table
2018-2019,Jharkhand,Applied Arts and Crafts,UG,No data available in table
2018-2019,Jharkhand,Applied Arts and Crafts,PG,No data available in table
2018-2019,Karnataka,Applied Arts and Crafts,UG,No data available in table
2018-2019,Karnataka,Applied Arts and Crafts,PG,No data available in table
2018-2019,Kerala,Applied Arts and Crafts,UG,No data available in table
2018-2019,Kerala,Applied Arts and Crafts,PG,No data available in table
2018-2019,Madhya Pradesh,Applied Arts and Crafts,UG,No data available in table
2018-2019,Madhya Pradesh,Applied Arts and Crafts,PG,No data available in table
2018-2019,Maharashtra,Applied Arts and Crafts,UG,1-3508226136,"B. S. BANDEKAR COLLEGE OF FINE ART,( APPLIED ART).","SURVE NO.54/01, NEAR FOREST BHAVAN,SALAIWADA,AT/PO.SAWANTWADI,DIST:-SINDHUDURGA.416510",SINDHUDURG,Unaided - Private,N,N,Click Here,NA
2018-2019,Maharashtra,Applied Arts and Crafts,UG,1-3508301218,VIVA INSTITUTE OF APPLIED ART,"AT:-SHIRGAON, POST:- VIRAR (E)",THANE,Unaided - Private,N,N,Click Here,NA
2018-2019,Maharashtra,Applied Arts and Crafts,UG,1-3508349559,BHARATI KALA MAHAVIDYALAYA,"BHARATI VIDYAPEETH EDUCATIONAL CAMPUS, PUNE-SATARA ROAD, PUNE 411043",PUNE,Unaided - Private,N,N,Click Here,NA
2018-2019,Maharashtra,Applied Arts and Crafts,UG,1-3508445347,SIR J. J. INSTITUTE OF APPLIED ART,"DR. D. N. ROAD, FORT",MUMBAI CITY,Government,N,N,Click Here,NA
2018-2019,Maharashtra,Applied Arts and Crafts,UG,1-3515210359,PAD.DR.D.Y.PATIL COLLEGE OF APPLIED ARTS & CRAFTS,"SECTOR NO. 29, NIGDI-PRADHIKRAN, AKURDI, PUNE -44",PUNE,Unaided - Private,N,N,Click Here,NA
2018-2019,Maharashtra,Applied Arts and Crafts,UG,1-3515260748,SIR J. J. SCHOOL OF ART,"78, DR. D. N. ROAD, FORT, MUMBAI 01.",MUMBAI CITY,Government,N,N,Click Here,NA
2018-2019,Maharashtra,Applied Arts and Crafts,UG,1-3517126901,RACHANA SANSAD COLLEGE OF APPLIED ART & CRAFT,"5TH FLOOR, 278, SHANKAR GHANEKAR MARG, PRABHADEVI, MUMBAI-400025 STATE-MAHARASHTRA (INDIA)",MUMBAI CITY,Unaided - Private,N,N,Click Here,NA
2018-2019,Maharashtra,Applied Arts and Crafts,UG,1-3798655224,RACHANA SANSAD COLLEGE OF APPLIED ART & CRAFT,"5TH FLOOR, 278, SHANKAR GHANEKAR MARG, PRABHADEVI, MUMBAI-400025 STATE-MAHARASHTRA (INDIA)",MUMBAI CITY,Unaided - Private,N,N,Click Here,NA
2018-2019,Maharashtra,Applied Arts and Crafts,PG,1-3515260748,SIR J. J. SCHOOL OF ART,"78, DR. D. N. ROAD, FORT, MUMBAI 01.",MUMBAI CITY,Government,N,N,Click Here,NA
2018-2019,Manipur,Applied Arts and Crafts,UG,No data available in table
2018-2019,Manipur,Applied Arts and Crafts,PG,No data available in table
2018-2019,Meghalaya,Applied Arts and Crafts,UG,No data available in table
2018-2019,Meghalaya,Applied Arts and Crafts,PG,No data available in table
2018-2019,Mizoram,Applied Arts and Crafts,UG,No data available in table
2018-2019,Mizoram,Applied Arts and Crafts,PG,No data available in table
2018-2019,Nagaland,Applied Arts and Crafts,UG,No data available in table
2018-2019,Nagaland,Applied Arts and Crafts,PG,No data available in table
2018-2019,Odisha,Applied Arts and Crafts,UG,No data available in table
2018-2019,Odisha,Applied Arts and Crafts,PG,No data available in table
2018-2019,Orissa,Applied Arts and Crafts,UG,No data available in table
2018-2019,Orissa,Applied Arts and Crafts,PG,No data available in table
2018-2019,Puducherry,Applied Arts and Crafts,UG,1-3511363604,BHARATHIAR PALKALAI KOODAM,"CUDDALORE MAIN ROAD, ARIYANKUPPAM",PUDUCHERRY,Government,N,N,Click Here,NA
2018-2019,Puducherry,Applied Arts and Crafts,PG,No data available in table
2018-2019,Punjab,Applied Arts and Crafts,UG,No data available in table
2018-2019,Punjab,Applied Arts and Crafts,PG,No data available in table
2018-2019,Rajasthan,Applied Arts and Crafts,UG,No data available in table
2018-2019,Rajasthan,Applied Arts and Crafts,PG,No data available in table
2018-2019,Sikkim,Applied Arts and Crafts,UG,No data available in table
2018-2019,Sikkim,Applied Arts and Crafts,PG,No data available in table
2018-2019,Tamil Nadu,Applied Arts and Crafts,UG,1-3698454481,HINDUSTAN INSTITUTE OF TECHNOLOGY AND SCIENCE,"NO.1, RAJIV GANDHI SALAI(OMR), PADUR(VIA) KELAMBAKKAM, CHENNAI 603103",KANCHIPURAM,Deemed University(Private),N,Y,Click Here,NA
2018-2019,Tamil Nadu,Applied Arts and Crafts,PG,No data available in table
2018-2019,Telangana,Applied Arts and Crafts,UG,1-3513991980,SRI VENKATESHWARA COLLEGE OF FINE ARTS,"86, HITECH CITY ROAD, MADHAPUR, HYDERABAD",RANGAREDDI,Unaided - Private,N,N,Click Here,NA
2018-2019,Telangana,Applied Arts and Crafts,UG,1-3704387441,JNAFAU COLLEGE OF FINE ARTS,MAHAVEERMARG MASABTANK HYDERABAD-500028,HYDERABAD,Government,N,N,Click Here,NA
2018-2019,Telangana,Applied Arts and Crafts,PG,1-3704387441,JNAFAU COLLEGE OF FINE ARTS,MAHAVEERMARG MASABTANK HYDERABAD-500028,HYDERABAD,Government,N,N,Click Here,NA
2018-2019,Tripura,Applied Arts and Crafts,UG,No data available in table
2018-2019,Tripura,Applied Arts and Crafts,PG,No data available in table
2018-2019,Uttar Pradesh,Applied Arts and Crafts,UG,1-3510988318,VIDYA INSTITUTE OF FASHION TECHNOLOGY,"VIDYA KNOWLEDGE PARK BAGHPAT ROAD MEERUT ,UTTAR PRADESH-250005",MEERUT,Unaided - Private,N,Y,Click Here,NA
2018-2019,Uttar Pradesh,Applied Arts and Crafts,UG,1-3511303792,FMG (ACADEMY) GROUP OF INSTITUTIONS,PLOT NO-8 KNOWLEDGE PARK 3,G B NAGAR,Unaided - Private,N,N,Click Here,NA
2018-2019,Uttar Pradesh,Applied Arts and Crafts,UG,1-3512300022,AXIS INSTITUTE OF FASHION TECHNOLOGY,VILL-HATHIPUR TEHSIL KANPUR SADAR,KANPUR NAGAR,Unaided - Private,N,N,Click Here,NA
2018-2019,Uttar Pradesh,Applied Arts and Crafts,PG,No data available in table
2018-2019,Uttarakhand,Applied Arts and Crafts,UG,No data available in table
2018-2019,Uttarakhand,Applied Arts and Crafts,PG,No data available in table
2018-2019,West Bengal,Applied Arts and Crafts,UG,No data available in table
2018-2019,West Bengal,Applied Arts and Crafts,PG,No data available in table
2019-2020,Andaman and Nicobar Islands,Applied Arts and Crafts,UG,No data available in table
2019-2020,Andaman and Nicobar Islands,Applied Arts and Crafts,PG,No data available in table
2019-2020,Andhra Pradesh,Applied Arts and Crafts,UG,1-4262330466,KONERU LAKSHMAIAH EDUCATION FOUNDATION,"GREEN FIELDS, VADDESWARAM.",GUNTUR,Deemed University(Private),N,N,Click Here,NA
2019-2020,Andhra Pradesh,Applied Arts and Crafts,PG,No data available in table
2019-2020,Arunachal Pradesh,Applied Arts and Crafts,UG,No data available in table
2019-2020,Arunachal Pradesh,Applied Arts and Crafts,PG,No data available in table
2019-2020,Assam,Applied Arts and Crafts,UG,No data available in table
2019-2020,Assam,Applied Arts and Crafts,PG,No data available in table
2019-2020,Bihar,Applied Arts and Crafts,UG,No data available in table
2019-2020,Bihar,Applied Arts and Crafts,PG,No data available in table
2019-2020,Chandigarh,Applied Arts and Crafts,UG,1-4261087175,GOVERNMENT COLLEGE OF ART,SECTOR 10C,CHANDIGARH,Government,N,N,Click Here,NA
2019-2020,Chandigarh,Applied Arts and Crafts,PG,1-4261087175,GOVERNMENT COLLEGE OF ART,SECTOR 10C,CHANDIGARH,Government,N,N,Click Here,NA
2019-2020,Chhattisgarh,Applied Arts and Crafts,UG,No data available in table
2019-2020,Chhattisgarh,Applied Arts and Crafts,PG,No data available in table
2019-2020,Dadra and Nagar Haveli,Applied Arts and Crafts,UG,No data available in table
2019-2020,Dadra and Nagar Haveli,Applied Arts and Crafts,PG,No data available in table
2019-2020,Daman and Diu,Applied Arts and Crafts,UG,No data available in table
2019-2020,Daman and Diu,Applied Arts and Crafts,PG,No data available in table
2019-2020,Delhi,Applied Arts and Crafts,UG,1-4261069364,COLLEGE OF ART,20-22 TILAK MARG,EAST DELHI,Government,N,N,Click Here,NA
2019-2020,Delhi,Applied Arts and Crafts,PG,No data available in table
2019-2020,Goa,Applied Arts and Crafts,UG,1-4259480632,GOA COLLEGE OF ART,"ALTINHO, PANAJI - GOA 403 001",NORTH GOA,Government,N,N,Click Here,NA
2019-2020,Goa,Applied Arts and Crafts,PG,No data available in table
2019-2020,Gujarat,Applied Arts and Crafts,UG,No data available in table
2019-2020,Gujarat,Applied Arts and Crafts,PG,No data available in table
2019-2020,Haryana,Applied Arts and Crafts,UG,1-4261428919,GALAXY GLOBAL EDUCATIONAL TRUST'S GROUP OF INSTITUTIONS,"SHAHABAD-SAHA ROAD, NH-73, VILL. DINARPUR, DISTT. AMBALA",AMBALA,Unaided - Private,N,N,Click Here,NA
2019-2020,Haryana,Applied Arts and Crafts,PG,No data available in table
2019-2020,Himachal Pradesh,Applied Arts and Crafts,UG,No data available in table
2019-2020,Himachal Pradesh,Applied Arts and Crafts,PG,No data available in table
2019-2020,Jammu and Kashmir,Applied Arts and Crafts,UG,No data available in table
2019-2020,Jammu and Kashmir,Applied Arts and Crafts,PG,No data available in table
2019-2020,Jharkhand,Applied Arts and Crafts,UG,No data available in table
2019-2020,Jharkhand,Applied Arts and Crafts,PG,No data available in table
2019-2020,Karnataka,Applied Arts and Crafts,UG,No data available in table
2019-2020,Karnataka,Applied Arts and Crafts,PG,No data available in table
2019-2020,Kerala,Applied Arts and Crafts,UG,1-4261867825,COLLEGE OF ARCHITECTURE TRIVANDRUM,"THINAVILA,MULAYARA-P.O.,VIA-VELLANAD",THIRUVANANTHAPURAM,Unaided - Private,N,N,Click Here,NA
2019-2020,Kerala,Applied Arts and Crafts,PG,No data available in table
2019-2020,Madhya Pradesh,Applied Arts and Crafts,UG,1-4882195741,OXFORD INTERNATIONAL,"SERVE NO. 151/1, 151/4 , JAMBUDI HAPSI, HATOD ROAD",INDORE,Unaided - Private,N,Y,Click Here,NA
2019-2020,Madhya Pradesh,Applied Arts and Crafts,PG,No data available in table
2019-2020,Maharashtra,Applied Arts and Crafts,UG,1-4259268140,VIVA INSTITUTE OF APPLIED ART,"AT:-SHIRGAON, POST:- VIRAR (E)",THANE,Unaided - Private,N,N,Click Here,NA
2019-2020,Maharashtra,Applied Arts and Crafts,UG,1-4259298651,BHARATI VIDYAPEETHS COLLEGE OF FINE ARTS,"BHARATI VIDYAPEETH EDUCATIONAL CAMPUS, PUNE-SATARA ROAD, PUNE 411043",PUNE,Unaided - Private,N,N,Click Here,NA
2019-2020,Maharashtra,Applied Arts and Crafts,UG,1-4259354788,SIR J. J. INSTITUTE OF APPLIED ART,"DR. D. N. ROAD, FORT",MUMBAI CITY,Government,N,N,Click Here,NA
2019-2020,Maharashtra,Applied Arts and Crafts,UG,1-4261901005,PAD.DR.D.Y.PATIL COLLEGE OF APPLIED ARTS & CRAFTS,"SECTOR NO. 29, NIGDI-PRADHIKRAN, AKURDI, PUNE -44",PUNE,Unaided - Private,N,N,Click Here,NA
2019-2020,Maharashtra,Applied Arts and Crafts,UG,1-4261921303,SIR J. J. SCHOOL OF ART,"78, DR. D. N. ROAD, FORT, MUMBAI 01.",MUMBAI CITY,Government,N,N,Click Here,NA
2019-2020,Maharashtra,Applied Arts and Crafts,UG,1-4262169990,RACHANA SANSAD COLLEGE OF APPLIED ART & CRAFT,"5TH FLOOR, 278, SHANKAR GHANEKAR MARG, PRABHADEVI, MUMBAI-400025 STATE-MAHARASHTRA (INDIA)",MUMBAI CITY,Unaided - Private,N,N,Click Here,NA
2019-2020,Maharashtra,Applied Arts and Crafts,UG,1-4263257116,"B. S. BANDEKAR COLLEGE OF FINE ART,( APPLIED ART).","SURVE NO.54/01, NEAR FOREST BHAVAN,SALAIWADA,AT/PO.SAWANTWADI,DIST:-SINDHUDURGA.416510",SINDHUDURG,Unaided - Private,N,N,Click Here,NA
2019-2020,Maharashtra,Applied Arts and Crafts,UG,1-4267442391,PADMABHUSHAN VASANTDADA PATIL PRATISHTHAN'S COLLEGE OF ENGINEERING,"VASANTDADA PATIL EDUCATIONAL COMPLEX, EASTERN EXPRESS HIGHWAY, NEAR PRIYADARSHINI BUILDING, SION-CHUNABHATTI, MUMBAI - 400 022",MUMBAI CITY,Unaided - Private,N,N,Click Here,NA
2019-2020,Maharashtra,Applied Arts and Crafts,UG,1-4289259360,GOVERNMENT SCHOOL OF ART,"KIL E ARK, ZANANA MAHAL, AURANGABAD.",AURANGABAD,Government,N,N,Click Here,NA
2019-2020,Maharashtra,Applied Arts and Crafts,PG,No data available in table
2019-2020,Manipur,Applied Arts and Crafts,UG,No data available in table
2019-2020,Manipur,Applied Arts and Crafts,PG,No data available in table
2019-2020,Meghalaya,Applied Arts and Crafts,UG,No data available in table
2019-2020,Meghalaya,Applied Arts and Crafts,PG,No data available in table
2019-2020,Mizoram,Applied Arts and Crafts,UG,No data available in table
2019-2020,Mizoram,Applied Arts and Crafts,PG,No data available in table
2019-2020,Nagaland,Applied Arts and Crafts,UG,No data available in table
2019-2020,Nagaland,Applied Arts and Crafts,PG,No data available in table
2019-2020,Odisha,Applied Arts and Crafts,UG,No data available in table
2019-2020,Odisha,Applied Arts and Crafts,PG,No data available in table
2019-2020,Orissa,Applied Arts and Crafts,UG,No data available in table
2019-2020,Orissa,Applied Arts and Crafts,PG,No data available in table
2019-2020,Puducherry,Applied Arts and Crafts,UG,1-4260342688,BHARATHIAR PALKALAI KOODAM,"CUDDALORE MAIN ROAD, ARIYANKUPPAM",PUDUCHERRY,Government,N,N,Click Here,NA
2019-2020,Puducherry,Applied Arts and Crafts,PG,No data available in table
2019-2020,Punjab,Applied Arts and Crafts,UG,No data available in table
2019-2020,Punjab,Applied Arts and Crafts,PG,No data available in table
2019-2020,Rajasthan,Applied Arts and Crafts,UG,No data available in table
2019-2020,Rajasthan,Applied Arts and Crafts,PG,No data available in table
2019-2020,Sikkim,Applied Arts and Crafts,UG,No data available in table
2019-2020,Sikkim,Applied Arts and Crafts,PG,No data available in table
2019-2020,Tamil Nadu,Applied Arts and Crafts,UG,No data available in table
2019-2020,Tamil Nadu,Applied Arts and Crafts,PG,No data available in table
2019-2020,Telangana,Applied Arts and Crafts,UG,No data available in table
2019-2020,Telangana,Applied Arts and Crafts,PG,No data available in table
2019-2020,Tripura,Applied Arts and Crafts,UG,No data available in table
2019-2020,Tripura,Applied Arts and Crafts,PG,No data available in table
2019-2020,Uttar Pradesh,Applied Arts and Crafts,UG,1-4260086480,VIDYA INSTITUTE OF FASHION TECHNOLOGY,"VIDYA KNOWLEDGE PARK BAGHPAT ROAD MEERUT ,UTTAR PRADESH-250005",MEERUT,Unaided - Private,N,Y,Click Here,NA
2019-2020,Uttar Pradesh,Applied Arts and Crafts,UG,1-4260276723,FMG (ACADEMY) GROUP OF INSTITUTIONS,PLOT NO-8 KNOWLEDGE PARK 3,G B NAGAR,Unaided - Private,N,N,Click Here,NA
2019-2020,Uttar Pradesh,Applied Arts and Crafts,UG,1-4260606784,AXIS INSTITUTE OF FASHION TECHNOLOGY,VILL-HATHIPUR TEHSIL KANPUR SADAR,KANPUR NAGAR,Unaided - Private,N,N,Click Here,NA
2019-2020,Uttar Pradesh,Applied Arts and Crafts,UG,1-4266943030,KANPUR INSTITUTE OF TECHNOLOGY,A-1 UPSIDC INDUSTRIAL AREA ROOMA,KANPUR NAGAR,Unaided - Private,N,N,Click Here,NA
2019-2020,Uttar Pradesh,Applied Arts and Crafts,PG,No data available in table
2019-2020,Uttarakhand,Applied Arts and Crafts,UG,No data available in table
2019-2020,Uttarakhand,Applied Arts and Crafts,PG,No data available in table
2019-2020,West Bengal,Applied Arts and Crafts,UG,No data available in table
2019-2020,West Bengal,Applied Arts and Crafts,PG,No data available in table
2020-2021,Andaman and Nicobar Islands,Applied Arts and Crafts,UG,No data available in table
2020-2021,Andaman and Nicobar Islands,Applied Arts and Crafts,PG,No data available in table
2020-2021,Andhra Pradesh,Applied Arts and Crafts,UG,1-7011352462,KONERU LAKSHMAIAH EDUCATION FOUNDATION,"GREEN FIELDS, VADDESWARAM.",GUNTUR,Deemed to be University(Pvt),N,N,Click Here,NA
2020-2021,Andhra Pradesh,Applied Arts and Crafts,PG,No data available in table
2020-2021,Arunachal Pradesh,Applied Arts and Crafts,UG,No data available in table
2020-2021,Arunachal Pradesh,Applied Arts and Crafts,PG,No data available in table
2020-2021,Assam,Applied Arts and Crafts,UG,No data available in table
2020-2021,Assam,Applied Arts and Crafts,PG,No data available in table
2020-2021,Bihar,Applied Arts and Crafts,UG,No data available in table
2020-2021,Bihar,Applied Arts and Crafts,PG,No data available in table
2020-2021,Chandigarh,Applied Arts and Crafts,UG,1-7008562768,GOVERNMENT COLLEGE OF ART,SECTOR 10C,CHANDIGARH,Government,N,N,Click Here,NA
2020-2021,Chandigarh,Applied Arts and Crafts,PG,1-7008562768,GOVERNMENT COLLEGE OF ART,SECTOR 10C,CHANDIGARH,Government,N,N,Click Here,NA
2020-2021,Chhattisgarh,Applied Arts and Crafts,UG,No data available in table
2020-2021,Chhattisgarh,Applied Arts and Crafts,PG,No data available in table
2020-2021,Dadra and Nagar Haveli,Applied Arts and Crafts,UG,No data available in table
2020-2021,Dadra and Nagar Haveli,Applied Arts and Crafts,PG,No data available in table
2020-2021,Daman and Diu,Applied Arts and Crafts,UG,No data available in table
2020-2021,Daman and Diu,Applied Arts and Crafts,PG,No data available in table
2020-2021,Delhi,Applied Arts and Crafts,UG,No data available in table
2020-2021,Delhi,Applied Arts and Crafts,PG,No data available in table
2020-2021,Goa,Applied Arts and Crafts,UG,1-7014481180,GOA COLLEGE OF ART,"ALTINHO, PANAJI - GOA 403 001",NORTH GOA,Government,N,N,Click Here,NA
2020-2021,Goa,Applied Arts and Crafts,PG,1-7014481180,GOA COLLEGE OF ART,"ALTINHO, PANAJI - GOA 403 001",NORTH GOA,Government,N,N,Click Here,NA
2020-2021,Gujarat,Applied Arts and Crafts,UG,No data available in table
2020-2021,Gujarat,Applied Arts and Crafts,PG,No data available in table
2020-2021,Haryana,Applied Arts and Crafts,UG,1-7005205936,GALAXY GLOBAL EDUCATIONAL TRUST'S GROUP OF INSTITUTIONS,"SHAHABAD-SAHA ROAD, NH-73, VILL. DINARPUR, DISTT. AMBALA",AMBALA,Private-Self Financing,N,N,Click Here,NA
2020-2021,Haryana,Applied Arts and Crafts,PG,No data available in table
2020-2021,Himachal Pradesh,Applied Arts and Crafts,UG,No data available in table
2020-2021,Himachal Pradesh,Applied Arts and Crafts,PG,No data available in table
2020-2021,Jammu and Kashmir,Applied Arts and Crafts,UG,No data available in table
2020-2021,Jammu and Kashmir,Applied Arts and Crafts,PG,No data available in table
2020-2021,Jharkhand,Applied Arts and Crafts,UG,No data available in table
2020-2021,Jharkhand,Applied Arts and Crafts,PG,No data available in table
2020-2021,Karnataka,Applied Arts and Crafts,UG,No data available in table
2020-2021,Karnataka,Applied Arts and Crafts,PG,No data available in table
2020-2021,Kerala,Applied Arts and Crafts,UG,1-7007025840,COLLEGE OF ARCHITECTURE TRIVANDRUM,"THINAVILA,MULAYARA-P.O.,VIA-VELLANAD",THIRUVANANTHAPURAM,Private-Self Financing,N,N,Click Here,NA
2020-2021,Kerala,Applied Arts and Crafts,PG,No data available in table
2020-2021,Madhya Pradesh,Applied Arts and Crafts,UG,1-7001578608,OXFORD INTERNATIONAL,"SERVE NO. 151/1, 151/4 , JAMBUDI HAPSI, HATOD ROAD",INDORE,Private-Self Financing,N,Y,Click Here,NA
2020-2021,Madhya Pradesh,Applied Arts and Crafts,PG,No data available in table
2020-2021,Maharashtra,Applied Arts and Crafts,UG,1-7004730596,GOVERNMENT SCHOOL OF ART,"KIL E ARK, ZANANA MAHAL, AURANGABAD.",AURANGABAD,Government,N,N,Click Here,NA
2020-2021,Maharashtra,Applied Arts and Crafts,UG,1-7006463980,SIR J. J. SCHOOL OF ART,"78, DR. D. N. ROAD, FORT, MUMBAI 01.",MUMBAI CITY,Government,N,N,Click Here,NA
2020-2021,Maharashtra,Applied Arts and Crafts,UG,1-7006609918,PAD.DR.D.Y.PATIL COLLEGE OF APPLIED ARTS & CRAFTS,"SECTOR NO. 29, NIGDI-PRADHIKRAN, AKURDI, PUNE -44",PUNE,Private-Self Financing,N,N,Click Here,NA
2020-2021,Maharashtra,Applied Arts and Crafts,UG,1-7010520575,RACHANA SANSAD COLLEGE OF APPLIED ART & CRAFT,"5TH FLOOR, 278, SHANKAR GHANEKAR MARG, PRABHADEVI, MUMBAI-400025 STATE-MAHARASHTRA (INDIA)",MUMBAI CITY,Private-Self Financing,N,N,Click Here,NA
2020-2021,Maharashtra,Applied Arts and Crafts,UG,1-7011119674,"B. S. BANDEKAR COLLEGE OF FINE ART,( APPLIED ART).","SURVE NO.54/01, NEAR FOREST BHAVAN,SALAIWADA,AT/PO.SAWANTWADI,DIST:-SINDHUDURGA.416510",SINDHUDURG,Private-Self Financing,N,N,Click Here,NA
2020-2021,Maharashtra,Applied Arts and Crafts,UG,1-7014696893,VIVA INSTITUTE OF APPLIED ART,"AT:-SHIRGAON, POST:- VIRAR (E)",THANE,Private-Self Financing,N,N,Click Here,NA
2020-2021,Maharashtra,Applied Arts and Crafts,UG,1-7022061213,VASANTDADA PATIL PRATISHTHAN'S COLLEGE OF ENGINEERING AND VISUAL ARTS,"VASANTDADA PATIL EDUCATIONAL COMPLEX, EASTERN EXPRESS HIGHWAY, NEAR PRIYADARSHINI BUILDING, SION-CHUNABHATTI, MUMBAI - 400 022",MUMBAI CITY,Private-Self Financing,N,N,Click Here,NA
2020-2021,Maharashtra,Applied Arts and Crafts,UG,1-7022213005,SIR J. J. INSTITUTE OF APPLIED ART,"DR. D. N. ROAD, FORT",MUMBAI CITY,Government,N,N,Click Here,NA
2020-2021,Maharashtra,Applied Arts and Crafts,UG,1-7022237150,BHARATI VIDYAPEETHS COLLEGE OF FINE ARTS,"BHARATI VIDYAPEETH EDUCATIONAL CAMPUS, PUNE-SATARA ROAD, PUNE 411043",PUNE,Private-Self Financing,N,N,Click Here,NA
2020-2021,Maharashtra,Applied Arts and Crafts,PG,1-7001666140,FTII,"LAW COLLEGE ROAD, NEAR NAL STOP, PUNE,",PUNE,Government,N,N,Click Here,NA
2020-2021,Maharashtra,Applied Arts and Crafts,PG,1-7004730596,GOVERNMENT SCHOOL OF ART,"KIL E ARK, ZANANA MAHAL, AURANGABAD.",AURANGABAD,Government,N,N,Click Here,NA
2020-2021,Maharashtra,Applied Arts and Crafts,PG,1-7006463980,SIR J. J. SCHOOL OF ART,"78, DR. D. N. ROAD, FORT, MUMBAI 01.",MUMBAI CITY,Government,N,N,Click Here,NA
2020-2021,Manipur,Applied Arts and Crafts,UG,No data available in table
2020-2021,Manipur,Applied Arts and Crafts,PG,No data available in table
2020-2021,Meghalaya,Applied Arts and Crafts,UG,No data available in table
2020-2021,Meghalaya,Applied Arts and Crafts,PG,No data available in table
2020-2021,Mizoram,Applied Arts and Crafts,UG,No data available in table
2020-2021,Mizoram,Applied Arts and Crafts,PG,No data available in table
2020-2021,Nagaland,Applied Arts and Crafts,UG,No data available in table
2020-2021,Nagaland,Applied Arts and Crafts,PG,No data available in table
2020-2021,Odisha,Applied Arts and Crafts,UG,No data available in table
2020-2021,Odisha,Applied Arts and Crafts,PG,No data available in table
2020-2021,Orissa,Applied Arts and Crafts,UG,No data available in table
2020-2021,Orissa,Applied Arts and Crafts,PG,No data available in table
2020-2021,Puducherry,Applied Arts and Crafts,UG,1-7013467258,BHARATHIAR PALKALAI KOODAM,"CUDDALORE MAIN ROAD, ARIYANKUPPAM",PUDUCHERRY,Government,N,N,Click Here,NA
2020-2021,Puducherry,Applied Arts and Crafts,PG,No data available in table
2020-2021,Punjab,Applied Arts and Crafts,UG,No data available in table
2020-2021,Punjab,Applied Arts and Crafts,PG,No data available in table
2020-2021,Rajasthan,Applied Arts and Crafts,UG,No data available in table
2020-2021,Rajasthan,Applied Arts and Crafts,PG,No data available in table
2020-2021,Sikkim,Applied Arts and Crafts,UG,No data available in table
2020-2021,Sikkim,Applied Arts and Crafts,PG,No data available in table
2020-2021,Tamil Nadu,Applied Arts and Crafts,UG,1-7010229243,HINDUSTAN INSTITUTE OF TECHNOLOGY AND SCIENCE,"NO.1, RAJIV GANDHI SALAI(OMR), PADUR(VIA) KELAMBAKKAM, CHENNAI 603103",KANCHIPURAM,Deemed to be University(Pvt),N,Y,Click Here,NA
2020-2021,Tamil Nadu,Applied Arts and Crafts,PG,No data available in table
2020-2021,Telangana,Applied Arts and Crafts,UG,No data available in table
2020-2021,Telangana,Applied Arts and Crafts,PG,No data available in table
2020-2021,Tripura,Applied Arts and Crafts,UG,No data available in table
2020-2021,Tripura,Applied Arts and Crafts,PG,No data available in table
2020-2021,Uttar Pradesh,Applied Arts and Crafts,UG,1-7002317454,KANPUR INSTITUTE OF TECHNOLOGY,A-1 UPSIDC INDUSTRIAL AREA ROOMA,KANPUR NAGAR,Private-Self Financing,N,N,Click Here,NA
2020-2021,Uttar Pradesh,Applied Arts and Crafts,UG,1-7013361981,AXIS INSTITUTE OF FASHION TECHNOLOGY,VILL-HATHIPUR TEHSIL KANPUR SADAR,KANPUR NAGAR,Private-Self Financing,N,N,Click Here,NA
2020-2021,Uttar Pradesh,Applied Arts and Crafts,UG,1-7014167254,VIDYA INSTITUTE OF FASHION TECHNOLOGY,"VIDYA KNOWLEDGE PARK BAGHPAT ROAD MEERUT ,UTTAR PRADESH-250005",MEERUT,Private-Self Financing,N,Y,Click Here,NA
2020-2021,Uttar Pradesh,Applied Arts and Crafts,PG,1-7013361981,AXIS INSTITUTE OF FASHION TECHNOLOGY,VILL-HATHIPUR TEHSIL KANPUR SADAR,KANPUR NAGAR,Private-Self Financing,N,N,Click Here,NA
2020-2021,Uttarakhand,Applied Arts and Crafts,UG,No data available in table
2020-2021,Uttarakhand,Applied Arts and Crafts,PG,No data available in table
2020-2021,West Bengal,Applied Arts and Crafts,UG,No data available in table
2020-2021,West Bengal,Applied Arts and Crafts,PG,No data available in table
2021-2022,Andaman and Nicobar Islands,Applied Arts and Crafts,UG,No data available in table
2021-2022,Andaman and Nicobar Islands,Applied Arts and Crafts,PG,No data available in table
2021-2022,Andhra Pradesh,Applied Arts and Crafts,UG,No data available in table
2021-2022,Andhra Pradesh,Applied Arts and Crafts,PG,No data available in table
2021-2022,Arunachal Pradesh,Applied Arts and Crafts,UG,No data available in table
2021-2022,Arunachal Pradesh,Applied Arts and Crafts,PG,No data available in table
2021-2022,Assam,Applied Arts and Crafts,UG,No data available in table
2021-2022,Assam,Applied Arts and Crafts,PG,No data available in table
2021-2022,Bihar,Applied Arts and Crafts,UG,No data available in table
2021-2022,Bihar,Applied Arts and Crafts,PG,No data available in table
2021-2022,Chandigarh,Applied Arts and Crafts,UG,1-9319150365,GOVERNMENT COLLEGE OF ART,SECTOR 10C,CHANDIGARH,Government,N,N,Click Here,NA
2021-2022,Chandigarh,Applied Arts and Crafts,PG,1-9319150365,GOVERNMENT COLLEGE OF ART,SECTOR 10C,CHANDIGARH,Government,N,N,Click Here,NA
2021-2022,Chhattisgarh,Applied Arts and Crafts,UG,No data available in table
2021-2022,Chhattisgarh,Applied Arts and Crafts,PG,No data available in table
2021-2022,Dadra and Nagar Haveli,Applied Arts and Crafts,UG,No data available in table
2021-2022,Dadra and Nagar Haveli,Applied Arts and Crafts,PG,No data available in table
2021-2022,Daman and Diu,Applied Arts and Crafts,UG,No data available in table
2021-2022,Daman and Diu,Applied Arts and Crafts,PG,No data available in table
2021-2022,Delhi,Applied Arts and Crafts,UG,No data available in table
2021-2022,Delhi,Applied Arts and Crafts,PG,No data available in table
2021-2022,Goa,Applied Arts and Crafts,UG,No data available in table
2021-2022,Goa,Applied Arts and Crafts,PG,No data available in table
2021-2022,Gujarat,Applied Arts and Crafts,UG,No data available in table
2021-2022,Gujarat,Applied Arts and Crafts,PG,No data available in table
2021-2022,Haryana,Applied Arts and Crafts,UG,No data available in table
2021-2022,Haryana,Applied Arts and Crafts,PG,No data available in table
2021-2022,Himachal Pradesh,Applied Arts and Crafts,UG,No data available in table
2021-2022,Himachal Pradesh,Applied Arts and Crafts,PG,No data available in table
2021-2022,Jammu and Kashmir,Applied Arts and Crafts,UG,No data available in table
2021-2022,Jammu and Kashmir,Applied Arts and Crafts,PG,No data available in table
2021-2022,Jharkhand,Applied Arts and Crafts,UG,No data available in table
2021-2022,Jharkhand,Applied Arts and Crafts,PG,No data available in table
2021-2022,Karnataka,Applied Arts and Crafts,UG,No data available in table
2021-2022,Karnataka,Applied Arts and Crafts,PG,No data available in table
2021-2022,Kerala,Applied Arts and Crafts,UG,No data available in table
2021-2022,Kerala,Applied Arts and Crafts,PG,No data available in table
2021-2022,Madhya Pradesh,Applied Arts and Crafts,UG,No data available in table
2021-2022,Madhya Pradesh,Applied Arts and Crafts,PG,No data available in table
2021-2022,Maharashtra,Applied Arts and Crafts,UG,No data available in table
2021-2022,Maharashtra,Applied Arts and Crafts,PG,No data available in table
2021-2022,Manipur,Applied Arts and Crafts,UG,No data available in table
2021-2022,Manipur,Applied Arts and Crafts,PG,No data available in table
2021-2022,Meghalaya,Applied Arts and Crafts,UG,No data available in table
2021-2022,Meghalaya,Applied Arts and Crafts,PG,No data available in table
2021-2022,Mizoram,Applied Arts and Crafts,UG,No data available in table
2021-2022,Mizoram,Applied Arts and Crafts,PG,No data available in table
2021-2022,Nagaland,Applied Arts and Crafts,UG,No data available in table
2021-2022,Nagaland,Applied Arts and Crafts,PG,No data available in table
2021-2022,Odisha,Applied Arts and Crafts,UG,1-9318289772,BIJU PATTANAIK FILM & TELEVISION INSTITUTE OF ORISSA,"MEDICAL ROAD BOSE CAMPUS, CUTTACK ORISSA-753007",CUTTACK,Government,N,N,Click Here,NA
2021-2022,Odisha,Applied Arts and Crafts,PG,No data available in table
2021-2022,Orissa,Applied Arts and Crafts,UG,No data available in table
2021-2022,Orissa,Applied Arts and Crafts,PG,No data available in table
2021-2022,Puducherry,Applied Arts and Crafts,UG,1-9317379849,BHARATHIAR PALKALAI KOODAM,"CUDDALORE MAIN ROAD, ARIYANKUPPAM",PUDUCHERRY,Government,N,N,Click Here,NA
2021-2022,Puducherry,Applied Arts and Crafts,PG,No data available in table
2021-2022,Punjab,Applied Arts and Crafts,UG,No data available in table
2021-2022,Punjab,Applied Arts and Crafts,PG,No data available in table
2021-2022,Rajasthan,Applied Arts and Crafts,UG,No data available in table
2021-2022,Rajasthan,Applied Arts and Crafts,PG,No data available in table
2021-2022,Sikkim,Applied Arts and Crafts,UG,No data available in table
2021-2022,Sikkim,Applied Arts and Crafts,PG,No data available in table
2021-2022,Tamil Nadu,Applied Arts and Crafts,UG,No data available in table
2021-2022,Tamil Nadu,Applied Arts and Crafts,PG,No data available in table
2021-2022,Telangana,Applied Arts and Crafts,UG,No data available in table
2021-2022,Telangana,Applied Arts and Crafts,PG,No data available in table
2021-2022,Tripura,Applied Arts and Crafts,UG,No data available in table
2021-2022,Tripura,Applied Arts and Crafts,PG,No data available in table
2021-2022,Uttar Pradesh,Applied Arts and Crafts,UG,No data available in table
2021-2022,Uttar Pradesh,Applied Arts and Crafts,PG,No data available in table
2021-2022,Uttarakhand,Applied Arts and Crafts,UG,No data available in table
2021-2022,Uttarakhand,Applied Arts and Crafts,PG,No data available in table
2021-2022,West Bengal,Applied Arts and Crafts,UG,No data available in table
2021-2022,West Bengal,Applied Arts and Crafts,PG,No data available in table
2022-2023,Andaman and Nicobar Islands,Applied Arts and Crafts,UG,No data available in table
2022-2023,Andaman and Nicobar Islands,Applied Arts and Crafts,PG,No data available in table
2022-2023,Andhra Pradesh,Applied Arts and Crafts,UG,No data available in table
2022-2023,Andhra Pradesh,Applied Arts and Crafts,PG,No data available in table
2022-2023,Arunachal Pradesh,Applied Arts and Crafts,UG,No data available in table
2022-2023,Arunachal Pradesh,Applied Arts and Crafts,PG,No data available in table
2022-2023,Assam,Applied Arts and Crafts,UG,No data available in table
2022-2023,Assam,Applied Arts and Crafts,PG,No data available in table
2022-2023,Bihar,Applied Arts and Crafts,UG,No data available in table
2022-2023,Bihar,Applied Arts and Crafts,PG,No data available in table
2022-2023,Chandigarh,Applied Arts and Crafts,UG,No data available in table
2022-2023,Chandigarh,Applied Arts and Crafts,PG,No data available in table
2022-2023,Chhattisgarh,Applied Arts and Crafts,UG,No data available in table
2022-2023,Chhattisgarh,Applied Arts and Crafts,PG,No data available in table
2022-2023,Dadra and Nagar Haveli,Applied Arts and Crafts,UG,No data available in table
2022-2023,Dadra and Nagar Haveli,Applied Arts and Crafts,PG,No data available in table
2022-2023,Daman and Diu,Applied Arts and Crafts,UG,No data available in table
2022-2023,Daman and Diu,Applied Arts and Crafts,PG,No data available in table
2022-2023,Delhi,Applied Arts and Crafts,UG,No data available in table
2022-2023,Delhi,Applied Arts and Crafts,PG,No data available in table
2022-2023,Goa,Applied Arts and Crafts,UG,No data available in table
2022-2023,Goa,Applied Arts and Crafts,PG,No data available in table
2022-2023,Gujarat,Applied Arts and Crafts,UG,No data available in table
2022-2023,Gujarat,Applied Arts and Crafts,PG,No data available in table
2022-2023,Haryana,Applied Arts and Crafts,UG,1-10969953029,GALAXY GLOBAL EDUCATIONAL TRUST'S GROUP OF INSTITUTIONS,"SHAHABAD-SAHA ROAD, NH-73, VILL. DINARPUR, DISTT. AMBALA",AMBALA,Private-Self Financing,N,N,Click Here,NA
2022-2023,Haryana,Applied Arts and Crafts,UG,1-10973103635,PANIPAT INSTITUTE OF ENGINEERING & TECHNOLOGY,"70KM MILESTONE, NH-1, VILLAGE PATTIKALYANA, SAMALKHA",PANIPAT,Private-Self Financing,N,N,Click Here,NA
2022-2023,Haryana,Applied Arts and Crafts,PG,No data available in table
2022-2023,Himachal Pradesh,Applied Arts and Crafts,UG,No data available in table
2022-2023,Himachal Pradesh,Applied Arts and Crafts,PG,No data available in table
2022-2023,Jammu and Kashmir,Applied Arts and Crafts,UG,No data available in table
2022-2023,Jammu and Kashmir,Applied Arts and Crafts,PG,No data available in table
2022-2023,Jharkhand,Applied Arts and Crafts,UG,No data available in table
2022-2023,Jharkhand,Applied Arts and Crafts,PG,No data available in table
2022-2023,Karnataka,Applied Arts and Crafts,UG,1-10981486016,MANIPAL ACADEMY OF HIGHER EDUCATION (OFF-CAMPUS CENTRE AT BENGALURU),"MANIPAL ACADEMY OF HIGHER EDUCATION, (OFF-CAMPUS CENTRE AT BENGALURU), ADDRESS: GOVINDPURA VILLAGE, BSF CAMPUS, YELAHANKA, BENGALURU NORTH-560064, KARNATAKA",UDUPI,Deemed to be University(Pvt),N,N,Click Here,NA
2022-2023,Karnataka,Applied Arts and Crafts,PG,No data available in table
2022-2023,Kerala,Applied Arts and Crafts,UG,No data available in table
2022-2023,Kerala,Applied Arts and Crafts,PG,No data available in table
2022-2023,Madhya Pradesh,Applied Arts and Crafts,UG,No data available in table
2022-2023,Madhya Pradesh,Applied Arts and Crafts,PG,No data available in table
2022-2023,Maharashtra,Applied Arts and Crafts,UG,1-10967878851,"B. S. BANDEKAR COLLEGE OF FINE ART,( APPLIED ART).","SURVE NO.54/01, NEAR FOREST BHAVAN,SALAIWADA,AT/PO.SAWANTWADI,DIST:-SINDHUDURGA.416510",SINDHUDURG,Private-Self Financing,N,N,Click Here,NA
2022-2023,Maharashtra,Applied Arts and Crafts,UG,1-10969889290,RACHANA SANSAD COLLEGE OF APPLIED ART & CRAFT,"5TH FLOOR, 278, SHANKAR GHANEKAR MARG, PRABHADEVI, MUMBAI-400025 STATE-MAHARASHTRA (INDIA)",MUMBAI CITY,Private-Self Financing,N,N,Click Here,NA
2022-2023,Maharashtra,Applied Arts and Crafts,UG,1-10973173666,SIR J. J. SCHOOL OF ART,"78, DR. D. N. ROAD, FORT, MUMBAI 01.",MUMBAI CITY,Government,N,N,Click Here,NA
2022-2023,Maharashtra,Applied Arts and Crafts,UG,1-10975219362,VIVA INSTITUTE OF APPLIED ART,"AT:-SHIRGAON, POST:- VIRAR (E)",THANE,Private-Self Financing,N,N,Click Here,NA
2022-2023,Maharashtra,Applied Arts and Crafts,UG,1-10975281037,VASANTDADA PATIL PRATISHTHAN'S COLLEGE OF ENGINEERING AND VISUAL ARTS,"VASANTDADA PATIL EDUCATIONAL COMPLEX, EASTERN EXPRESS HIGHWAY, NEAR PRIYADARSHINI BUILDING, SION-CHUNABHATTI, MUMBAI - 400 022",MUMBAI CITY,Private-Self Financing,N,N,Click Here,NA
2022-2023,Maharashtra,Applied Arts and Crafts,UG,1-10975416878,SIR J. J. INSTITUTE OF APPLIED ART,"DR. D. N. ROAD, FORT",MUMBAI CITY,Government,N,N,Click Here,NA
2022-2023,Maharashtra,Applied Arts and Crafts,UG,1-10975524718,BHARATI VIDYAPEETHS COLLEGE OF FINE ARTS,"BHARATI VIDYAPEETH EDUCATIONAL CAMPUS, PUNE-SATARA ROAD, PUNE 411043",PUNE,Private-Self Financing,N,N,Click Here,NA
2022-2023,Maharashtra,Applied Arts and Crafts,UG,1-10975697986,GOVERNMENT COLLEGE OF ART AND DESIGN AURANGABAD,"KIL E ARK, ZANANA MAHAL, AURANGABAD.",AURANGABAD,Government,N,N,Click Here,NA
2022-2023,Maharashtra,Applied Arts and Crafts,UG,1-10975838182,PAD.DR.D.Y.PATIL COLLEGE OF APPLIED ARTS & CRAFTS,"SECTOR NO. 29, NIGDI-PRADHIKRAN, AKURDI, PUNE -44",PUNE,Private-Self Financing,N,N,Click Here,NA
2022-2023,Maharashtra,Applied Arts and Crafts,PG,1-10968843343,FTII,"LAW COLLEGE ROAD, NEAR NAL STOP, PUNE,",PUNE,Government,N,N,Click Here,NA
2022-2023,Maharashtra,Applied Arts and Crafts,PG,1-10973173666,SIR J. J. SCHOOL OF ART,"78, DR. D. N. ROAD, FORT, MUMBAI 01.",MUMBAI CITY,Government,N,N,Click Here,NA
2022-2023,Maharashtra,Applied Arts and Crafts,PG,1-10975697986,GOVERNMENT COLLEGE OF ART AND DESIGN AURANGABAD,"KIL E ARK, ZANANA MAHAL, AURANGABAD.",AURANGABAD,Government,N,N,Click Here,NA
2022-2023,Manipur,Applied Arts and Crafts,UG,No data available in table
2022-2023,Manipur,Applied Arts and Crafts,PG,No data available in table
2022-2023,Meghalaya,Applied Arts and Crafts,UG,No data available in table
2022-2023,Meghalaya,Applied Arts and Crafts,PG,No data available in table
2022-2023,Mizoram,Applied Arts and Crafts,UG,No data available in table
2022-2023,Mizoram,Applied Arts and Crafts,PG,No data available in table
2022-2023,Nagaland,Applied Arts and Crafts,UG,No data available in table
2022-2023,Nagaland,Applied Arts and Crafts,PG,No data available in table
2022-2023,Odisha,Applied Arts and Crafts,UG,No data available in table
2022-2023,Odisha,Applied Arts and Crafts,PG,No data available in table
2022-2023,Orissa,Applied Arts and Crafts,UG,No data available in table
2022-2023,Orissa,Applied Arts and Crafts,PG,No data available in table
2022-2023,Puducherry,Applied Arts and Crafts,UG,No data available in table
2022-2023,Puducherry,Applied Arts and Crafts,PG,No data available in table
2022-2023,Punjab,Applied Arts and Crafts,UG,No data available in table
2022-2023,Punjab,Applied Arts and Crafts,PG,No data available in table
2022-2023,Rajasthan,Applied Arts and Crafts,UG,No data available in table
2022-2023,Rajasthan,Applied Arts and Crafts,PG,No data available in table
2022-2023,Sikkim,Applied Arts and Crafts,UG,No data available in table
2022-2023,Sikkim,Applied Arts and Crafts,PG,No data available in table
2022-2023,Tamil Nadu,Applied Arts and Crafts,UG,No data available in table
2022-2023,Tamil Nadu,Applied Arts and Crafts,PG,No data available in table
2022-2023,Telangana,Applied Arts and Crafts,UG,1-10976095303,SRI VENKATESHWARA COLLEGE OF FINE ARTS,"86, HITECH CITY ROAD, MADHAPUR, HYDERABAD",RANGAREDDI,Private-Self Financing,N,N,Click Here,NA
2022-2023,Telangana,Applied Arts and Crafts,UG,1-10981494847,AURORA'S FILM AND TELEVISION INSTITUTE,"CHIKKADPALLY, HYDERABAD",HYDERABAD,Private-Self Financing,N,N,Click Here,NA
2022-2023,Telangana,Applied Arts and Crafts,UG,1-10981497809,AURORA'S SCHOOL OF ART AND DESIGN,"BANDLAGUDA, HYDERABAD",HYDERABAD,Private-Self Financing,N,Y,Click Here,NA
2022-2023,Telangana,Applied Arts and Crafts,UG,1-10981499405,AURORA'S SCHOOL OF FASHION DESIGN,"NAMPALLY, HYDERABAD",HYDERABAD,Private-Self Financing,N,N,Click Here,NA
2022-2023,Telangana,Applied Arts and Crafts,PG,No data available in table
2022-2023,Tripura,Applied Arts and Crafts,UG,No data available in table
2022-2023,Tripura,Applied Arts and Crafts,PG,No data available in table
2022-2023,Uttar Pradesh,Applied Arts and Crafts,UG,1-10968695823,AXIS INSTITUTE OF FASHION TECHNOLOGY,VILL-HATHIPUR TEHSIL KANPUR SADAR,KANPUR NAGAR,Private-Self Financing,N,N,Click Here,NA
2022-2023,Uttar Pradesh,Applied Arts and Crafts,UG,1-10970013350,KANPUR INSTITUTE OF TECHNOLOGY,A-1 UPSIDC INDUSTRIAL AREA ROOMA,KANPUR NAGAR,Private-Self Financing,N,N,Click Here,NA
2022-2023,Uttar Pradesh,Applied Arts and Crafts,UG,1-10974072558,VIDYA INSTITUTE OF FASHION TECHNOLOGY,"VIDYA KNOWLEDGE PARK BAGHPAT ROAD MEERUT ,UTTAR PRADESH-250005",MEERUT,Private-Self Financing,N,Y,Click Here,NA
2022-2023,Uttar Pradesh,Applied Arts and Crafts,UG,1-5101821271,SAROJ INSTITUTE OF FILM AND FASHION,"AHIMAMAU, SULTANPUR ROAD, LUCKNOW",LUCKNOW,Private-Self Financing,N,N,Click Here,NA
2022-2023,Uttar Pradesh,Applied Arts and Crafts,PG,1-10968695823,AXIS INSTITUTE OF FASHION TECHNOLOGY,VILL-HATHIPUR TEHSIL KANPUR SADAR,KANPUR NAGAR,Private-Self Financing,N,N,Click Here,NA
2022-2023,Uttarakhand,Applied Arts and Crafts,UG,No data available in table
2022-2023,Uttarakhand,Applied Arts and Crafts,PG,No data available in table
2022-2023,West Bengal,Applied Arts and Crafts,UG,No data available in table
2022-2023,West Bengal,Applied Arts and Crafts,PG,No data available in table
2023-2024,Andaman and Nicobar Islands,Applied Arts and Crafts,UG,No data available in table
2023-2024,Andaman and Nicobar Islands,Applied Arts and Crafts,PG,No data available in table
2023-2024,Andhra Pradesh,Applied Arts and Crafts,UG,1-43381740703,DR YSR ARCHITECTURE AND FINE ARTS UNIVERSITY,"GLOBAL ENGINEERING COLLEGE ROAD SATILLITE CITY,RAYALAPANTHULAPALLE VILLAGE NEAR KADAPA AIRPORT",YSR DISTRICT,State Government University,N,N,Click Here,NA
2023-2024,Andhra Pradesh,Applied Arts and Crafts,PG,No data available in table
2023-2024,Arunachal Pradesh,Applied Arts and Crafts,UG,No data available in table
2023-2024,Arunachal Pradesh,Applied Arts and Crafts,PG,No data available in table
2023-2024,Assam,Applied Arts and Crafts,UG,No data available in table
2023-2024,Assam,Applied Arts and Crafts,PG,No data available in table
2023-2024,Bihar,Applied Arts and Crafts,UG,No data available in table
2023-2024,Bihar,Applied Arts and Crafts,PG,No data available in table
2023-2024,Chandigarh,Applied Arts and Crafts,UG,1-36599165651,GOVERNMENT COLLEGE OF ART,SECTOR 10C,CHANDIGARH,Government,N,N,Click Here,NA
2023-2024,Chandigarh,Applied Arts and Crafts,PG,1-36599165651,GOVERNMENT COLLEGE OF ART,SECTOR 10C,CHANDIGARH,Government,N,N,Click Here,NA
2023-2024,Chhattisgarh,Applied Arts and Crafts,UG,No data available in table
2023-2024,Chhattisgarh,Applied Arts and Crafts,PG,No data available in table
2023-2024,Dadra and Nagar Haveli,Applied Arts and Crafts,UG,No data available in table
2023-2024,Dadra and Nagar Haveli,Applied Arts and Crafts,PG,No data available in table
2023-2024,Daman and Diu,Applied Arts and Crafts,UG,No data available in table
2023-2024,Daman and Diu,Applied Arts and Crafts,PG,No data available in table
2023-2024,Delhi,Applied Arts and Crafts,UG,1-40655705408,COLLEGE OF ART,20-22 TILAK MARG,EAST DELHI,Government,N,N,Click Here,NA
2023-2024,Delhi,Applied Arts and Crafts,PG,No data available in table
2023-2024,Goa,Applied Arts and Crafts,UG,1-36515488319,GOA COLLEGE OF ART,"ALTINHO, PANAJI - GOA 403 001",NORTH GOA,Government,N,N,Click Here,NA
2023-2024,Goa,Applied Arts and Crafts,PG,1-36515488319,GOA COLLEGE OF ART,"ALTINHO, PANAJI - GOA 403 001",NORTH GOA,Government,N,N,Click Here,NA
2023-2024,Gujarat,Applied Arts and Crafts,UG,No data available in table
2023-2024,Gujarat,Applied Arts and Crafts,PG,No data available in table
2023-2024,Haryana,Applied Arts and Crafts,UG,1-36458324208,GALAXY GLOBAL EDUCATIONAL TRUST'S GROUP OF INSTITUTIONS,"SHAHABAD-SAHA ROAD, NH-73, VILL. DINARPUR, DISTT. AMBALA",AMBALA,Private-Self Financing,N,N,Click Here,NA
2023-2024,Haryana,Applied Arts and Crafts,PG,No data available in table
2023-2024,Himachal Pradesh,Applied Arts and Crafts,UG,No data available in table
2023-2024,Himachal Pradesh,Applied Arts and Crafts,PG,No data available in table
2023-2024,Jammu and Kashmir,Applied Arts and Crafts,UG,No data available in table
2023-2024,Jammu and Kashmir,Applied Arts and Crafts,PG,No data available in table
2023-2024,Jharkhand,Applied Arts and Crafts,UG,No data available in table
2023-2024,Jharkhand,Applied Arts and Crafts,PG,No data available in table
2023-2024,Karnataka,Applied Arts and Crafts,UG,1-38652843264,MANIPAL ACADEMY OF HIGHER EDUCATION (OFF-CAMPUS CENTRE AT BENGALURU),"MANIPAL ACADEMY OF HIGHER EDUCATION, (OFF-CAMPUS CENTRE AT BENGALURU), ADDRESS: GOVINDPURA VILLAGE, BSF CAMPUS, YELAHANKA, BENGALURU NORTH-560064, KARNATAKA",UDUPI,Deemed to be University(Pvt),N,N,Click Here,NA
2023-2024,Karnataka,Applied Arts and Crafts,PG,No data available in table
2023-2024,Kerala,Applied Arts and Crafts,UG,1-36527709734,COLLEGE OF ARCHITECTURE TRIVANDRUM,"THINAVILA,MULAYARA-P.O.,VIA-VELLANAD",THIRUVANANTHAPURAM,Private-Self Financing,N,N,Click Here,NA
2023-2024,Kerala,Applied Arts and Crafts,PG,No data available in table
2023-2024,Madhya Pradesh,Applied Arts and Crafts,UG,No data available in table
2023-2024,Madhya Pradesh,Applied Arts and Crafts,PG,No data available in table
2023-2024,Maharashtra,Applied Arts and Crafts,UG,No data available in table
2023-2024,Maharashtra,Applied Arts and Crafts,PG,No data available in table
2023-2024,Manipur,Applied Arts and Crafts,UG,No data available in table
2023-2024,Manipur,Applied Arts and Crafts,PG,No data available in table
2023-2024,Meghalaya,Applied Arts and Crafts,UG,No data available in table
2023-2024,Meghalaya,Applied Arts and Crafts,PG,No data available in table
2023-2024,Mizoram,Applied Arts and Crafts,UG,No data available in table
2023-2024,Mizoram,Applied Arts and Crafts,PG,No data available in table
2023-2024,Nagaland,Applied Arts and Crafts,UG,No data available in table
2023-2024,Nagaland,Applied Arts and Crafts,PG,No data available in table
2023-2024,Odisha,Applied Arts and Crafts,UG,1-36970785704,BIJU PATTANAIK FILM & TELEVISION INSTITUTE OF ORISSA,"MEDICAL ROAD BOSE CAMPUS, CUTTACK ORISSA-753007",CUTTACK,Government,N,N,Click Here,NA
2023-2024,Odisha,Applied Arts and Crafts,PG,No data available in table
2023-2024,Orissa,Applied Arts and Crafts,UG,No data available in table
2023-2024,Orissa,Applied Arts and Crafts,PG,No data available in table
2023-2024,Puducherry,Applied Arts and Crafts,UG,No data available in table
2023-2024,Puducherry,Applied Arts and Crafts,PG,No data available in table
2023-2024,Punjab,Applied Arts and Crafts,UG,No data available in table
2023-2024,Punjab,Applied Arts and Crafts,PG,No data available in table
2023-2024,Rajasthan,Applied Arts and Crafts,UG,1-36462008100,"GOVT. WOMEN POLYTECHNIC COLLEGE, SANGANER(JAIPUR)","SECTOR 8, HALDIGHATI MARG, PRATAP NAGAR ,SANGANER,JAIPUR",JAIPUR,Government,Y,N,Click Here,NA
2023-2024,Rajasthan,Applied Arts and Crafts,UG,1-36541791494,"GOVRNMENT RESIDENTIAL WOMEN POLYTECHNIC COLLEGE, JODHPUR","GAURAV PATH (RESIDENCY ROAD), JODHPUR",JODHPUR,Government,Y,N,Click Here,NA
2023-2024,Rajasthan,Applied Arts and Crafts,UG,1-36564352087,"GOVT. WOMEN POLYTECHNIC COLLEGE, AJMER",NASIRABAD ROAD MAKHUPURA,AJMER,Government,Y,N,Click Here,NA
2023-2024,Rajasthan,Applied Arts and Crafts,UG,1-36597234572,"GOVERNMENT WOMEN POLYTECHNIC COLLEGE, JAIPUR","MAHATMA GANDHI MARG, GANDHI NAGAR",JAIPUR,Government,Y,N,Click Here,NA
2023-2024,Rajasthan,Applied Arts and Crafts,UG,1-40381468872,MANIPAL UNIVERSITY JAIPUR,"DEHMI KALAN , JAIPUR AJMER EXPRESSWAY, JAIPUR 303007",JAIPUR,State Private University,N,N,Click Here,NA
2023-2024,Rajasthan,Applied Arts and Crafts,PG,1-40381468872,MANIPAL UNIVERSITY JAIPUR,"DEHMI KALAN , JAIPUR AJMER EXPRESSWAY, JAIPUR 303007",JAIPUR,State Private University,N,N,Click Here,NA
2023-2024,Sikkim,Applied Arts and Crafts,UG,No data available in table
2023-2024,Sikkim,Applied Arts and Crafts,PG,No data available in table
2023-2024,Tamil Nadu,Applied Arts and Crafts,UG,1-38669442256,HINDUSTAN INSTITUTE OF TECHNOLOGY AND SCIENCE,"NO.1, RAJIV GANDHI SALAI(OMR), PADUR(VIA) KELAMBAKKAM, CHENNAI 603103",KANCHIPURAM,Deemed to be University(Pvt),N,Y,Click Here,NA
2023-2024,Tamil Nadu,Applied Arts and Crafts,PG,1-38669442256,HINDUSTAN INSTITUTE OF TECHNOLOGY AND SCIENCE,"NO.1, RAJIV GANDHI SALAI(OMR), PADUR(VIA) KELAMBAKKAM, CHENNAI 603103",KANCHIPURAM,Deemed to be University(Pvt),N,Y,Click Here,NA
2023-2024,Telangana,Applied Arts and Crafts,UG,No data available in table
2023-2024,Telangana,Applied Arts and Crafts,PG,No data available in table
2023-2024,Tripura,Applied Arts and Crafts,UG,No data available in table
2023-2024,Tripura,Applied Arts and Crafts,PG,No data available in table
2023-2024,Uttar Pradesh,Applied Arts and Crafts,UG,1-36240230223,AXIS INSTITUTE OF FASHION TECHNOLOGY,VILL-HATHIPUR TEHSIL KANPUR SADAR,KANPUR NAGAR,Private-Self Financing,N,N,Click Here,NA
2023-2024,Uttar Pradesh,Applied Arts and Crafts,UG,1-36503248043,VIDYA INSTITUTE OF FASHION TECHNOLOGY,"VIDYA KNOWLEDGE PARK BAGHPAT ROAD MEERUT ,UTTAR PRADESH-250005",MEERUT,Private-Self Financing,N,Y,Click Here,NA
2023-2024,Uttar Pradesh,Applied Arts and Crafts,UG,1-36976055150,SAROJ INSTITUTE OF FILM AND FASHION,"AHIMAMAU, SULTANPUR ROAD, LUCKNOW",LUCKNOW,Private-Self Financing,N,N,Click Here,NA
2023-2024,Uttar Pradesh,Applied Arts and Crafts,PG,1-36240230223,AXIS INSTITUTE OF FASHION TECHNOLOGY,VILL-HATHIPUR TEHSIL KANPUR SADAR,KANPUR NAGAR,Private-Self Financing,N,N,Click Here,NA
2023-2024,Uttarakhand,Applied Arts and Crafts,UG,No data available in table
2023-2024,Uttarakhand,Applied Arts and Crafts,PG,No data available in table
2023-2024,West Bengal,Applied Arts and Crafts,UG,No data available in table
2023-2024,West Bengal,Applied Arts and Crafts,PG,No data available in table
2024-2025,Andaman and Nicobar Islands,Applied Arts and Crafts,UG,No data available in table
2024-2025,Andaman and Nicobar Islands,Applied Arts and Crafts,PG,No data available in table
2024-2025,Andhra Pradesh,Applied Arts and Crafts,UG,No data available in table
2024-2025,Andhra Pradesh,Applied Arts and Crafts,PG,No data available in table
2024-2025,Arunachal Pradesh,Applied Arts and Crafts,UG,No data available in table
2024-2025,Arunachal Pradesh,Applied Arts and Crafts,PG,No data available in table
2024-2025,Assam,Applied Arts and Crafts,UG,No data available in table
2024-2025,Assam,Applied Arts and Crafts,PG,No data available in table
2024-2025,Bihar,Applied Arts and Crafts,UG,No data available in table
2024-2025,Bihar,Applied Arts and Crafts,PG,No data available in table
2024-2025,Chandigarh,Applied Arts and Crafts,UG,1-43664849639,GOVERNMENT COLLEGE OF ART,SECTOR 10C,CHANDIGARH,Government,N,N,Click Here,Click Here
2024-2025,Chandigarh,Applied Arts and Crafts,PG,1-43664849639,GOVERNMENT COLLEGE OF ART,SECTOR 10C,CHANDIGARH,Government,N,N,Click Here,Click Here
2024-2025,Chhattisgarh,Applied Arts and Crafts,UG,No data available in table
2024-2025,Chhattisgarh,Applied Arts and Crafts,PG,No data available in table
2024-2025,Dadra and Nagar Haveli,Applied Arts and Crafts,UG,No data available in table
2024-2025,Dadra and Nagar Haveli,Applied Arts and Crafts,PG,No data available in table
2024-2025,Daman and Diu,Applied Arts and Crafts,UG,No data available in table
2024-2025,Daman and Diu,Applied Arts and Crafts,PG,No data available in table
2024-2025,Delhi,Applied Arts and Crafts,UG,No data available in table
2024-2025,Delhi,Applied Arts and Crafts,PG,No data available in table
2024-2025,Goa,Applied Arts and Crafts,UG,No data available in table
2024-2025,Goa,Applied Arts and Crafts,PG,No data available in table
2024-2025,Gujarat,Applied Arts and Crafts,UG,No data available in table
2024-2025,Gujarat,Applied Arts and Crafts,PG,No data available in table
2024-2025,Haryana,Applied Arts and Crafts,UG,No data available in table
2024-2025,Haryana,Applied Arts and Crafts,PG,No data available in table
2024-2025,Himachal Pradesh,Applied Arts and Crafts,UG,No data available in table
2024-2025,Himachal Pradesh,Applied Arts and Crafts,PG,No data available in table
2024-2025,Jammu and Kashmir,Applied Arts and Crafts,UG,No data available in table
2024-2025,Jammu and Kashmir,Applied Arts and Crafts,PG,No data available in table
2024-2025,Jharkhand,Applied Arts and Crafts,UG,No data available in table
2024-2025,Jharkhand,Applied Arts and Crafts,PG,No data available in table
2024-2025,Karnataka,Applied Arts and Crafts,UG,1-43665333802,MANIPAL ACADEMY OF HIGHER EDUCATION (OFF-CAMPUS CENTRE AT BENGALURU),"MANIPAL ACADEMY OF HIGHER EDUCATION, (OFF-CAMPUS CENTRE AT BENGALURU), ADDRESS: GOVINDPURA VILLAGE, BSF CAMPUS, YELAHANKA, BENGALURU NORTH-560064, KARNATAKA",UDUPI,Deemed to be University(Pvt),N,N,Click Here,Click Here
2024-2025,Karnataka,Applied Arts and Crafts,PG,No data available in table
2024-2025,Kerala,Applied Arts and Crafts,UG,1-43655704268,COLLEGE OF ARCHITECTURE TRIVANDRUM,"THINAVILA,MULAYARA-P.O.,VIA-VELLANAD",THIRUVANANTHAPURAM,Private-Self Financing,N,N,Click Here,Click Here
2024-2025,Kerala,Applied Arts and Crafts,UG,1-44082429076,SAINTGITS COLLEGE OF APPLIED SCIENCES,"KOTTUKULAM HILLS, PATHAMUTTOM P.O, KOTTAYAM, 686532",KOTTAYAM,Private-Self Financing,N,Y,Click Here,Click Here
2024-2025,Kerala,Applied Arts and Crafts,PG,No data available in table
2024-2025,Madhya Pradesh,Applied Arts and Crafts,UG,No data available in table
2024-2025,Madhya Pradesh,Applied Arts and Crafts,PG,No data available in table
2024-2025,Maharashtra,Applied Arts and Crafts,UG,No data available in table
2024-2025,Maharashtra,Applied Arts and Crafts,PG,1-43655509329,SIR J. J. SCHOOL OF ART,"78, DR. D. N. ROAD, FORT, MUMBAI 01.",MUMBAI CITY,Government,N,N,Click Here,Click Here
2024-2025,Maharashtra,Applied Arts and Crafts,PG,1-43656570631,FTII,"LAW COLLEGE ROAD, NEAR NAL STOP, PUNE,",PUNE,Government,N,N,Click Here,Click Here
2024-2025,Maharashtra,Applied Arts and Crafts,PG,1-43664769451,GOVERNMENT COLLEGE OF ART AND DESIGN AURANGABAD,"KIL E ARK, ZANANA MAHAL, AURANGABAD.",AURANGABAD,Government,N,N,Click Here,Click Here
2024-2025,Manipur,Applied Arts and Crafts,UG,No data available in table
2024-2025,Manipur,Applied Arts and Crafts,PG,No data available in table
2024-2025,Meghalaya,Applied Arts and Crafts,UG,No data available in table
2024-2025,Meghalaya,Applied Arts and Crafts,PG,No data available in table
2024-2025,Mizoram,Applied Arts and Crafts,UG,No data available in table
2024-2025,Mizoram,Applied Arts and Crafts,PG,No data available in table
2024-2025,Nagaland,Applied Arts and Crafts,UG,No data available in table
2024-2025,Nagaland,Applied Arts and Crafts,PG,No data available in table
2024-2025,Odisha,Applied Arts and Crafts,UG,1-43656012287,BIJU PATTANAIK FILM & TELEVISION INSTITUTE OF ORISSA,"MEDICAL ROAD BOSE CAMPUS, CUTTACK ORISSA-753007",CUTTACK,Government,N,N,Click Here,Click Here
2024-2025,Odisha,Applied Arts and Crafts,PG,No data available in table
2024-2025,Orissa,Applied Arts and Crafts,UG,No data available in table
2024-2025,Orissa,Applied Arts and Crafts,PG,No data available in table
2024-2025,Puducherry,Applied Arts and Crafts,UG,1-43659226703,BHARATHIAR PALKALAI KOODAM,"CUDDALORE MAIN ROAD, ARIYANKUPPAM",PUDUCHERRY,Government,N,N,Click Here,Click Here
2024-2025,Puducherry,Applied Arts and Crafts,PG,No data available in table
2024-2025,Punjab,Applied Arts and Crafts,UG,No data available in table
2024-2025,Punjab,Applied Arts and Crafts,PG,No data available in table
2024-2025,Rajasthan,Applied Arts and Crafts,UG,No data available in table
2024-2025,Rajasthan,Applied Arts and Crafts,PG,1-43658645245,MANIPAL UNIVERSITY JAIPUR,"DEHMI KALAN , JAIPUR AJMER EXPRESSWAY, JAIPUR 303007",JAIPUR,State Private University,N,N,Click Here,Click Here
2024-2025,Sikkim,Applied Arts and Crafts,UG,No data available in table
2024-2025,Sikkim,Applied Arts and Crafts,PG,No data available in table
2024-2025,Tamil Nadu,Applied Arts and Crafts,UG,No data available in table
2024-2025,Tamil Nadu,Applied Arts and Crafts,PG,No data available in table
2024-2025,Telangana,Applied Arts and Crafts,UG,No data available in table
2024-2025,Telangana,Applied Arts and Crafts,PG,No data available in table
2024-2025,Tripura,Applied Arts and Crafts,UG,No data available in table
2024-2025,Tripura,Applied Arts and Crafts,PG,No data available in table
2024-2025,Uttar Pradesh,Applied Arts and Crafts,UG,1-43657466240,VIDYA INSTITUTE OF FASHION TECHNOLOGY,"VIDYA KNOWLEDGE PARK BAGHPAT ROAD MEERUT ,UTTAR PRADESH-250005",MEERUT,Private-Self Financing,N,Y,Click Here,Click Here
2024-2025,Uttar Pradesh,Applied Arts and Crafts,UG,1-43663241366,AXIS INSTITUTE OF FASHION TECHNOLOGY,VILL-HATHIPUR TEHSIL KANPUR SADAR,KANPUR NAGAR,Private-Self Financing,N,N,Click Here,Click Here
2024-2025,Uttar Pradesh,Applied Arts and Crafts,UG,1-43665318708,SAROJ INSTITUTE OF FILM AND FASHION,"AHIMAMAU, SULTANPUR ROAD, LUCKNOW",LUCKNOW,Private-Self Financing,N,N,Click Here,Click Here
2024-2025,Uttar Pradesh,Applied Arts and Crafts,PG,1-43663241366,AXIS INSTITUTE OF FASHION TECHNOLOGY,VILL-HATHIPUR TEHSIL KANPUR SADAR,KANPUR NAGAR,Private-Self Financing,N,N,Click Here,Click Here
2024-2025,Uttarakhand,Applied Arts and Crafts,UG,No data available in table
2024-2025,Uttarakhand,Applied Arts and Crafts,PG,No data available in table
2024-2025,West Bengal,Applied Arts and Crafts,UG,No data available in table
2024-2025,West Bengal,Applied Arts and Crafts,PG,No data available in table
2025-2026,Andaman and Nicobar Islands,Applied Arts and Crafts,UG,No data available in table
2025-2026,Andaman and Nicobar Islands,Applied Arts and Crafts,PG,No data available in table
2025-2026,Andhra Pradesh,Applied Arts and Crafts,UG,1-44643199059,DR YSR ARCHITECTURE AND FINE ARTS UNIVERSITY,"GLOBAL ENGINEERING COLLEGE ROAD SATILLITE CITY,RAYALAPANTHULAPALLE VILLAGE NEAR KADAPA AIRPORT",YSR DISTRICT,State Government University,N,N,Click Here,NA
2025-2026,Andhra Pradesh,Applied Arts and Crafts,PG,No data available in table
2025-2026,Arunachal Pradesh,Applied Arts and Crafts,UG,No data available in table
2025-2026,Arunachal Pradesh,Applied Arts and Crafts,PG,No data available in table
2025-2026,Assam,Applied Arts and Crafts,UG,No data available in table
2025-2026,Assam,Applied Arts and Crafts,PG,No data available in table
2025-2026,Bihar,Applied Arts and Crafts,UG,No data available in table
2025-2026,Bihar,Applied Arts and Crafts,PG,No data available in table
2025-2026,Chandigarh,Applied Arts and Crafts,UG,1-44643547622,GOVERNMENT COLLEGE OF ART,SECTOR 10C,CHANDIGARH,Government,N,N,Click Here,NA
2025-2026,Chandigarh,Applied Arts and Crafts,PG,1-44643547622,GOVERNMENT COLLEGE OF ART,SECTOR 10C,CHANDIGARH,Government,N,N,Click Here,NA
2025-2026,Chhattisgarh,Applied Arts and Crafts,UG,No data available in table
2025-2026,Chhattisgarh,Applied Arts and Crafts,PG,No data available in table
2025-2026,Dadra and Nagar Haveli,Applied Arts and Crafts,UG,No data available in table
2025-2026,Dadra and Nagar Haveli,Applied Arts and Crafts,PG,No data available in table
2025-2026,Daman and Diu,Applied Arts and Crafts,UG,No data available in table
2025-2026,Daman and Diu,Applied Arts and Crafts,PG,No data available in table
2025-2026,Delhi,Applied Arts and Crafts,UG,No data available in table
2025-2026,Delhi,Applied Arts and Crafts,PG,No data available in table
2025-2026,Goa,Applied Arts and Crafts,UG,No data available in table
2025-2026,Goa,Applied Arts and Crafts,PG,No data available in table
2025-2026,Gujarat,Applied Arts and Crafts,UG,No data available in table
2025-2026,Gujarat,Applied Arts and Crafts,PG,No data available in table
2025-2026,Haryana,Applied Arts and Crafts,UG,No data available in table
2025-2026,Haryana,Applied Arts and Crafts,PG,No data available in table
2025-2026,Himachal Pradesh,Applied Arts and Crafts,UG,No data available in table
2025-2026,Himachal Pradesh,Applied Arts and Crafts,PG,No data available in table
2025-2026,Jammu and Kashmir,Applied Arts and Crafts,UG,No data available in table
2025-2026,Jammu and Kashmir,Applied Arts and Crafts,PG,No data available in table
2025-2026,Jharkhand,Applied Arts and Crafts,UG,No data available in table
2025-2026,Jharkhand,Applied Arts and Crafts,PG,No data available in table
2025-2026,Karnataka,Applied Arts and Crafts,UG,No data available in table
2025-2026,Karnataka,Applied Arts and Crafts,PG,No data available in table
2025-2026,Kerala,Applied Arts and Crafts,UG,1-44639511891,COLLEGE OF ARCHITECTURE TRIVANDRUM,"THINAVILA,MULAYARA-P.O.,VIA-VELLANAD",THIRUVANANTHAPURAM,Private-Self Financing,N,N,Click Here,NA
2025-2026,Kerala,Applied Arts and Crafts,UG,1-44643858387,SAINTGITS COLLEGE OF APPLIED SCIENCES,"KOTTUKULAM HILLS, PATHAMUTTOM P.O, KOTTAYAM, 686532",KOTTAYAM,Private-Self Financing,N,Y,Click Here,NA
2025-2026,Kerala,Applied Arts and Crafts,PG,No data available in table
2025-2026,Madhya Pradesh,Applied Arts and Crafts,UG,No data available in table
2025-2026,Madhya Pradesh,Applied Arts and Crafts,PG,No data available in table
2025-2026,Maharashtra,Applied Arts and Crafts,UG,1-44638134278,SIR J. J. SCHOOL OF ART,"78, DR. D. N. ROAD, FORT, MUMBAI 01.",MUMBAI CITY,Government,N,N,Click Here,NA
2025-2026,Maharashtra,Applied Arts and Crafts,UG,1-44640050231,BHARATI VIDYAPEETHS COLLEGE OF FINE ARTS,"BHARATI VIDYAPEETH EDUCATIONAL CAMPUS, PUNE-SATARA ROAD, PUNE 411043",PUNE,Private-Self Financing,N,N,Click Here,NA
2025-2026,Maharashtra,Applied Arts and Crafts,UG,1-44640771513,VIVA INSTITUTE OF APPLIED ART,"AT:-SHIRGAON, POST:- VIRAR (E)",THANE,Private-Self Financing,N,N,Click Here,NA
2025-2026,Maharashtra,Applied Arts and Crafts,UG,1-44641399230,SIR J. J. INSTITUTE OF APPLIED ART,"DR. D. N. ROAD, FORT",MUMBAI CITY,Government,N,N,Click Here,NA
2025-2026,Maharashtra,Applied Arts and Crafts,UG,1-44641415097,GOVERNMENT COLLEGE OF ART AND DESIGN AURANGABAD,"KIL E ARK, ZANANA MAHAL, AURANGABAD.",AURANGABAD,Government,N,N,Click Here,NA
2025-2026,Maharashtra,Applied Arts and Crafts,UG,1-44642531207,"B. S. BANDEKAR COLLEGE OF FINE ART,( APPLIED ART).","SURVE NO.54/01, NEAR FOREST BHAVAN,SALAIWADA,AT/PO.SAWANTWADI,DIST:-SINDHUDURGA.416510",SINDHUDURG,Private-Self Financing,N,N,Click Here,NA
2025-2026,Maharashtra,Applied Arts and Crafts,UG,1-44642666355,SANJEEVAN GROUP OF INSTITUTIONS,"SANJEEVAN KNOWLEDGE CITY, SOMWAR PETH, TAL. PANHALA, DIST. KOLHAPUR. PIN 416201",KOLHAPUR,Private-Self Financing,N,N,Click Here,NA
2025-2026,Maharashtra,Applied Arts and Crafts,UG,1-44642937101,VASANTDADA PATIL PRATISHTHAN'S COLLEGE OF ENGINEERING AND VISUAL ARTS,"VASANTDADA PATIL EDUCATIONAL COMPLEX, EASTERN EXPRESS HIGHWAY, NEAR PRIYADARSHINI BUILDING, SION-CHUNABHATTI, MUMBAI - 400 022",MUMBAI CITY,Private-Self Financing,N,N,Click Here,NA
2025-2026,Maharashtra,Applied Arts and Crafts,UG,1-44643200434,ADITYA COLLEGE OF ARCHITECTURE,ADITYA EDUCATIONAL CAMPUS R M BHATTAD MARG RAM NAGAR KALPANA CHAWLA CHOWK BORIVALI WEST,MUMBAI SUBURBAN,Private-Self Financing,N,Y,Click Here,NA
2025-2026,Maharashtra,Applied Arts and Crafts,UG,1-44643319056,RACHANA SANSAD COLLEGE OF APPLIED ART & CRAFT,"5TH FLOOR, 278, SHANKAR GHANEKAR MARG, PRABHADEVI, MUMBAI-400025 STATE-MAHARASHTRA (INDIA)",MUMBAI CITY,Private-Self Financing,N,N,Click Here,NA
2025-2026,Maharashtra,Applied Arts and Crafts,UG,1-44643798526,KCES MOOLJI JAITHA COLLEGE,"MJ COLLEGE CAMPUS, SHIVRAM NAGAR",JALGAON,Govt aided,N,N,Click Here,NA
2025-2026,Maharashtra,Applied Arts and Crafts,UG,1-44753502956,GOVERNMENT COLLEGE OF ARTS AND DESIGN NAGPUR,"OPPOSITE DEEKSHABHOOMI, LAXMINAGAR, NAGPUR,",NAGPUR,Government,N,N,Click Here,NA
2025-2026,Maharashtra,Applied Arts and Crafts,PG,1-44638134278,SIR J. J. SCHOOL OF ART,"78, DR. D. N. ROAD, FORT, MUMBAI 01.",MUMBAI CITY,Government,N,N,Click Here,NA
2025-2026,Maharashtra,Applied Arts and Crafts,PG,1-44638219185,FTII,"LAW COLLEGE ROAD, NEAR NAL STOP, PUNE,",PUNE,Government,N,N,Click Here,NA
2025-2026,Maharashtra,Applied Arts and Crafts,PG,1-44641415097,GOVERNMENT COLLEGE OF ART AND DESIGN AURANGABAD,"KIL E ARK, ZANANA MAHAL, AURANGABAD.",AURANGABAD,Government,N,N,Click Here,NA
2025-2026,Maharashtra,Applied Arts and Crafts,PG,1-44643798526,KCES MOOLJI JAITHA COLLEGE,"MJ COLLEGE CAMPUS, SHIVRAM NAGAR",JALGAON,Govt aided,N,N,Click Here,NA
2025-2026,Manipur,Applied Arts and Crafts,UG,No data available in table
2025-2026,Manipur,Applied Arts and Crafts,PG,No data available in table
2025-2026,Meghalaya,Applied Arts and Crafts,UG,No data available in table
2025-2026,Meghalaya,Applied Arts and Crafts,PG,No data available in table
2025-2026,Mizoram,Applied Arts and Crafts,UG,No data available in table
2025-2026,Mizoram,Applied Arts and Crafts,PG,No data available in table
2025-2026,Nagaland,Applied Arts and Crafts,UG,No data available in table
2025-2026,Nagaland,Applied Arts and Crafts,PG,No data available in table
2025-2026,Odisha,Applied Arts and Crafts,UG,1-44639584799,BIJU PATTANAIK FILM & TELEVISION INSTITUTE OF ORISSA,"MEDICAL ROAD BOSE CAMPUS, CUTTACK ORISSA-753007",CUTTACK,Government,N,N,Click Here,NA
2025-2026,Odisha,Applied Arts and Crafts,PG,No data available in table
2025-2026,Orissa,Applied Arts and Crafts,UG,No data available in table
2025-2026,Orissa,Applied Arts and Crafts,PG,No data available in table
2025-2026,Puducherry,Applied Arts and Crafts,UG,No data available in table
2025-2026,Puducherry,Applied Arts and Crafts,PG,No data available in table
2025-2026,Punjab,Applied Arts and Crafts,UG,No data available in table
2025-2026,Punjab,Applied Arts and Crafts,PG,No data available in table
2025-2026,Rajasthan,Applied Arts and Crafts,UG,1-44638398160,MANIPAL UNIVERSITY JAIPUR,"DEHMI KALAN , JAIPUR AJMER EXPRESSWAY, JAIPUR 303007",JAIPUR,State Private University,N,N,Click Here,NA
2025-2026,Rajasthan,Applied Arts and Crafts,UG,1-44640035619,"GOVT. WOMEN POLYTECHNIC COLLEGE, AJMER",NASIRABAD ROAD MAKHUPURA,AJMER,Government,Y,N,Click Here,NA
2025-2026,Rajasthan,Applied Arts and Crafts,UG,1-44640071574,"GOVERNMENT WOMEN POLYTECHNIC COLLEGE, JAIPUR","MAHATMA GANDHI MARG, GANDHI NAGAR",JAIPUR,Government,Y,N,Click Here,NA
2025-2026,Rajasthan,Applied Arts and Crafts,UG,1-44640452538,"GOVT. WOMEN POLYTECHNIC COLLEGE, SANGANER(JAIPUR)","SECTOR 8, HALDIGHATI MARG, PRATAP NAGAR ,SANGANER,JAIPUR",JAIPUR,Government,Y,N,Click Here,NA
2025-2026,Rajasthan,Applied Arts and Crafts,UG,1-44640727498,"GOVRNMENT RESIDENTIAL WOMEN POLYTECHNIC COLLEGE, JODHPUR","GAURAV PATH (RESIDENCY ROAD), JODHPUR",JODHPUR,Government,Y,N,Click Here,NA
2025-2026,Rajasthan,Applied Arts and Crafts,UG,1-44640745390,"GOVT. MAHILA POLYTECHNIC COLLEGE,BIKANER","JAI NARAIAN VYAS COLONY,BIKANER",BIKANER,Government,Y,N,Click Here,NA
2025-2026,Rajasthan,Applied Arts and Crafts,UG,1-44641552654,JODHPUR INSTITUTE OF ENGINEERING & TECHNOLOGY,"JIET UNIVERSE, N.H. -65, PALI ROAD, MOGRA, LUNI",JODHPUR,Private-Self Financing,N,N,Click Here,NA
2025-2026,Rajasthan,Applied Arts and Crafts,PG,No data available in table
2025-2026,Sikkim,Applied Arts and Crafts,UG,No data available in table
2025-2026,Sikkim,Applied Arts and Crafts,PG,No data available in table
2025-2026,Tamil Nadu,Applied Arts and Crafts,UG,No data available in table
2025-2026,Tamil Nadu,Applied Arts and Crafts,PG,No data available in table
2025-2026,Telangana,Applied Arts and Crafts,UG,1-44638889527,AURORA'S FILM AND TELEVISION INSTITUTE,"CHIKKADPALLY, HYDERABAD",HYDERABAD,Private-Self Financing,N,N,Click Here,NA
2025-2026,Telangana,Applied Arts and Crafts,UG,1-44638890396,AURORA'S SCHOOL OF FASHION DESIGN,"NAMPALLY, HYDERABAD",HYDERABAD,Private-Self Financing,N,N,Click Here,NA
2025-2026,Telangana,Applied Arts and Crafts,UG,1-44638937291,AURORA'S SCHOOL OF ART AND DESIGN,"BANDLAGUDA, HYDERABAD",HYDERABAD,Private-Self Financing,N,Y,Click Here,NA
2025-2026,Telangana,Applied Arts and Crafts,UG,1-44640874922,SRI VENKATESHWARA COLLEGE OF FINE ARTS,"86, HITECH CITY ROAD, MADHAPUR, HYDERABAD",RANGAREDDI,Private-Self Financing,N,N,Click Here,NA
2025-2026,Telangana,Applied Arts and Crafts,UG,1-44643704097,AURORA HIGHER EDUCATION AND RESEARCH ACADEMY (DEEMED-TO-BE-UNIVERSITY) BHONGIR CAMPUS,"4-3-596, TILAK ROAD, ABIDS, HYDERABAD, 500001",NALGONDA,Deemed to be University(Pvt),N,N,Click Here,NA
2025-2026,Telangana,Applied Arts and Crafts,UG,1-44643756809,AURORAS TECHNOLOGICAL INSTITUTE BEGUMPET HYDERABAD,"1-11-256, MOTHILAL NEHRU NAGAR, BEGUMPET, HYDERABAD",HYDERABAD,Private-Self Financing,N,N,Click Here,NA
2025-2026,Telangana,Applied Arts and Crafts,PG,No data available in table
2025-2026,Tripura,Applied Arts and Crafts,UG,No data available in table
2025-2026,Tripura,Applied Arts and Crafts,PG,No data available in table
2025-2026,Uttar Pradesh,Applied Arts and Crafts,UG,1-44638760485,AXIS INSTITUTE OF FASHION TECHNOLOGY,VILL-HATHIPUR TEHSIL KANPUR SADAR,KANPUR NAGAR,Private-Self Financing,N,N,Click Here,NA
2025-2026,Uttar Pradesh,Applied Arts and Crafts,UG,1-44638918048,SAROJ INSTITUTE OF FILM AND FASHION,"AHIMAMAU, SULTANPUR ROAD, LUCKNOW",LUCKNOW,Private-Self Financing,N,N,Click Here,NA
2025-2026,Uttar Pradesh,Applied Arts and Crafts,PG,1-44638760485,AXIS INSTITUTE OF FASHION TECHNOLOGY,VILL-HATHIPUR TEHSIL KANPUR SADAR,KANPUR NAGAR,Private-Self Financing,N,N,Click Here,NA
2025-2026,Uttarakhand,Applied Arts and Crafts,UG,No data available in table
2025-2026,Uttarakhand,Applied Arts and Crafts,PG,No data available in table
2025-2026,West Bengal,Applied Arts and Crafts,UG,No data available in table
2025-2026,West Bengal,Applied Arts and Crafts,PG,No data available in table
